,o,d,Run,Buckets,issues,l_steps,CI2,n_agents,p
0,0.05,0.4,3,2,3,1500,True,100,0.2
1179,0.3,0.6,3,2,3,1500,True,100,0.2
1178,0.3,0.6,3,4,3,1500,True,100,0.2
1177,0.3,0.6,3,2,3,1500,True,100,0.2
1176,0.3,0.6,3,3,3,1500,True,100,0.2
1175,0.3,0.6,3,1,3,1500,True,100,0.2
1174,0.3,0.55,3,2,3,1500,True,100,0.2
1173,0.3,0.55,3,2,3,1500,True,100,0.2
1172,0.3,0.55,3,2,3,1500,True,100,0.2
1171,0.3,0.55,3,2,3,1500,True,100,0.2
1170,0.3,0.55,3,1,3,1500,True,100,0.2
1169,0.3,0.55,3,1,3,1500,True,100,0.2
1168,0.3,0.55,3,2,3,1500,True,100,0.2
1167,0.3,0.55,3,2,3,1500,True,100,0.2
1166,0.3,0.55,3,2,3,1500,True,100,0.2
1165,0.3,0.55,3,2,3,1500,True,100,0.2
1164,0.3,0.5,3,2,3,1500,True,100,0.2
1163,0.3,0.5,3,2,3,1500,True,100,0.2
1162,0.3,0.5,3,2,3,1500,True,100,0.2
1161,0.3,0.55,3,2,3,1500,True,100,0.2
1160,0.3,0.55,3,2,3,1500,True,100,0.2
1159,0.3,0.5,3,2,3,1500,True,100,0.2
1158,0.3,0.5,3,2,3,1500,True,100,0.2
1157,0.3,0.55,3,1,3,1500,True,100,0.2
1180,0.3,0.6,3,3,3,1500,True,100,0.2
1181,0.3,0.6,3,1,3,1500,True,100,0.2
1182,0.3,0.55,3,2,3,1500,True,100,0.2
1183,0.3,0.6,3,3,3,1500,True,100,0.2
1207,0.3,0.6499999999999999,3,2,3,1500,True,100,0.2
1206,0.3,0.6499999999999999,3,2,3,1500,True,100,0.2
1205,0.3,0.6499999999999999,3,1,3,1500,True,100,0.2
1204,0.3,0.6499999999999999,3,1,3,1500,True,100,0.2
1203,0.3,0.6499999999999999,3,1,3,1500,True,100,0.2
1202,0.3,0.6499999999999999,3,2,3,1500,True,100,0.2
1201,0.3,0.6499999999999999,3,2,3,1500,True,100,0.2
1200,0.3,0.6499999999999999,3,1,3,1500,True,100,0.2
1199,0.3,0.6499999999999999,3,1,3,1500,True,100,0.2
1198,0.3,0.6,3,2,3,1500,True,100,0.2
1197,0.3,0.6,3,1,3,1500,True,100,0.2
1156,0.3,0.55,3,2,3,1500,True,100,0.2
1196,0.3,0.55,3,2,3,1500,True,100,0.2
1194,0.3,0.6,3,1,3,1500,True,100,0.2
1193,0.3,0.6,3,2,3,1500,True,100,0.2
1192,0.3,0.6,3,3,3,1500,True,100,0.2
1191,0.3,0.6,3,1,3,1500,True,100,0.2
1190,0.3,0.6,3,1,3,1500,True,100,0.2
1189,0.3,0.55,3,2,3,1500,True,100,0.2
1188,0.3,0.6,3,1,3,1500,True,100,0.2
1187,0.3,0.6,3,1,3,1500,True,100,0.2
1186,0.3,0.55,3,2,3,1500,True,100,0.2
1185,0.3,0.6,3,1,3,1500,True,100,0.2
1184,0.3,0.6,3,2,3,1500,True,100,0.2
1195,0.3,0.6,3,1,3,1500,True,100,0.2
1208,0.3,0.6499999999999999,3,1,3,1500,True,100,0.2
1155,0.3,0.5,3,2,3,1500,True,100,0.2
1153,0.3,0.5,3,2,3,1500,True,100,0.2
1124,0.3,0.45,3,2,3,1500,True,100,0.2
1123,0.3,0.45,3,2,3,1500,True,100,0.2
1122,0.3,0.45,3,2,3,1500,True,100,0.2
1121,0.3,0.45,3,1,3,1500,True,100,0.2
1120,0.3,0.45,3,1,3,1500,True,100,0.2
1119,0.3,0.4,3,2,3,1500,True,100,0.2
1118,0.3,0.4,3,2,3,1500,True,100,0.2
1117,0.3,0.45,3,2,3,1500,True,100,0.2
1116,0.3,0.4,3,2,3,1500,True,100,0.2
1115,0.3,0.4,3,2,3,1500,True,100,0.2
1114,0.3,0.4,3,2,3,1500,True,100,0.2
1113,0.3,0.4,3,2,3,1500,True,100,0.2
1112,0.3,0.4,3,2,3,1500,True,100,0.2
1111,0.3,0.4,3,2,3,1500,True,100,0.2
1110,0.3,0.4,3,2,3,1500,True,100,0.2
1109,0.3,0.4,3,2,3,1500,True,100,0.2
1108,0.3,0.4,3,1,3,1500,True,100,0.2
1107,0.3,0.4,3,2,3,1500,True,100,0.2
1106,0.3,0.4,3,2,3,1500,True,100,0.2
1105,0.3,0.4,3,2,3,1500,True,100,0.2
1104,0.3,0.4,3,2,3,1500,True,100,0.2
1103,0.3,0.4,3,2,3,1500,True,100,0.2
1102,0.3,0.4,3,2,3,1500,True,100,0.2
1125,0.3,0.45,3,2,3,1500,True,100,0.2
1126,0.3,0.45,3,2,3,1500,True,100,0.2
1127,0.3,0.4,3,2,3,1500,True,100,0.2
1128,0.3,0.45,3,2,3,1500,True,100,0.2
1152,0.3,0.5,3,2,3,1500,True,100,0.2
1151,0.3,0.5,3,2,3,1500,True,100,0.2
1150,0.3,0.5,3,2,3,1500,True,100,0.2
1149,0.3,0.5,3,2,3,1500,True,100,0.2
1148,0.3,0.5,3,2,3,1500,True,100,0.2
1147,0.3,0.5,3,3,3,1500,True,100,0.2
1146,0.3,0.5,3,2,3,1500,True,100,0.2
1145,0.3,0.5,3,2,3,1500,True,100,0.2
1144,0.3,0.5,3,2,3,1500,True,100,0.2
1143,0.3,0.5,3,2,3,1500,True,100,0.2
1142,0.3,0.5,3,2,3,1500,True,100,0.2
1154,0.3,0.55,3,2,3,1500,True,100,0.2
1141,0.3,0.5,3,2,3,1500,True,100,0.2
1139,0.3,0.5,3,2,3,1500,True,100,0.2
1138,0.3,0.45,3,3,3,1500,True,100,0.2
1137,0.3,0.45,3,3,3,1500,True,100,0.2
1136,0.3,0.45,3,2,3,1500,True,100,0.2
1135,0.3,0.45,3,2,3,1500,True,100,0.2
1134,0.3,0.45,3,2,3,1500,True,100,0.2
1133,0.3,0.45,3,2,3,1500,True,100,0.2
1132,0.3,0.45,3,3,3,1500,True,100,0.2
1131,0.3,0.45,3,2,3,1500,True,100,0.2
1130,0.3,0.45,3,2,3,1500,True,100,0.2
1129,0.3,0.45,3,3,3,1500,True,100,0.2
1140,0.3,0.45,3,2,3,1500,True,100,0.2
1101,0.3,0.4,3,2,3,1500,True,100,0.2
1209,0.3,0.6499999999999999,3,1,3,1500,True,100,0.2
1211,0.3,0.6499999999999999,3,2,3,1500,True,100,0.2
1289,0.3,0.8499999999999999,3,1,3,1500,True,100,0.2
1288,0.3,0.8499999999999999,3,1,3,1500,True,100,0.2
1287,0.3,0.8499999999999999,3,1,3,1500,True,100,0.2
1286,0.3,0.8499999999999999,3,1,3,1500,True,100,0.2
1285,0.3,0.8499999999999999,3,2,3,1500,True,100,0.2
1284,0.3,0.8499999999999999,3,2,3,1500,True,100,0.2
1283,0.3,0.8499999999999999,3,2,3,1500,True,100,0.2
1282,0.3,0.8499999999999999,3,1,3,1500,True,100,0.2
1281,0.3,0.7999999999999999,3,2,3,1500,True,100,0.2
1280,0.3,0.7999999999999999,3,1,3,1500,True,100,0.2
1279,0.3,0.8499999999999999,3,2,3,1500,True,100,0.2
1278,0.3,0.8499999999999999,3,1,3,1500,True,100,0.2
1277,0.3,0.7999999999999999,3,1,3,1500,True,100,0.2
1276,0.3,0.7999999999999999,3,2,3,1500,True,100,0.2
1275,0.3,0.7999999999999999,3,1,3,1500,True,100,0.2
1274,0.3,0.7999999999999999,3,1,3,1500,True,100,0.2
1273,0.3,0.7999999999999999,3,1,3,1500,True,100,0.2
1272,0.3,0.7999999999999999,3,1,3,1500,True,100,0.2
1271,0.3,0.7999999999999999,3,1,3,1500,True,100,0.2
1270,0.3,0.7999999999999999,3,2,3,1500,True,100,0.2
1269,0.3,0.7999999999999999,3,1,3,1500,True,100,0.2
1268,0.3,0.7999999999999999,3,3,3,1500,True,100,0.2
1267,0.3,0.7999999999999999,3,1,3,1500,True,100,0.2
1290,0.3,0.8499999999999999,3,1,3,1500,True,100,0.2
1291,0.3,0.8499999999999999,3,1,3,1500,True,100,0.2
1292,0.3,0.8499999999999999,3,1,3,1500,True,100,0.2
1293,0.3,0.8499999999999999,3,1,3,1500,True,100,0.2
1317,0.3,0.8999999999999999,3,1,3,1500,True,100,0.2
1316,0.3,0.8999999999999999,3,1,3,1500,True,100,0.2
1315,0.3,0.8999999999999999,3,1,3,1500,True,100,0.2
1314,0.3,0.8999999999999999,3,1,3,1500,True,100,0.2
1313,0.3,0.8999999999999999,3,1,3,1500,True,100,0.2
1312,0.3,0.8999999999999999,3,1,3,1500,True,100,0.2
1311,0.3,0.8999999999999999,3,1,3,1500,True,100,0.2
1310,0.3,0.8999999999999999,3,1,3,1500,True,100,0.2
1309,0.3,0.8999999999999999,3,1,3,1500,True,100,0.2
1308,0.3,0.8999999999999999,3,1,3,1500,True,100,0.2
1307,0.3,0.8999999999999999,3,1,3,1500,True,100,0.2
1266,0.3,0.7999999999999999,3,1,3,1500,True,100,0.2
1306,0.3,0.8999999999999999,3,2,3,1500,True,100,0.2
1304,0.3,0.8999999999999999,3,1,3,1500,True,100,0.2
1303,0.3,0.8999999999999999,3,1,3,1500,True,100,0.2
1302,0.3,0.8999999999999999,3,1,3,1500,True,100,0.2
1301,0.3,0.8999999999999999,3,1,3,1500,True,100,0.2
1300,0.3,0.8999999999999999,3,1,3,1500,True,100,0.2
1299,0.3,0.8499999999999999,3,1,3,1500,True,100,0.2
1298,0.3,0.8499999999999999,3,1,3,1500,True,100,0.2
1297,0.3,0.8499999999999999,3,1,3,1500,True,100,0.2
1296,0.3,0.8499999999999999,3,1,3,1500,True,100,0.2
1295,0.3,0.8499999999999999,3,1,3,1500,True,100,0.2
1294,0.3,0.8499999999999999,3,1,3,1500,True,100,0.2
1305,0.3,0.8999999999999999,3,1,3,1500,True,100,0.2
1210,0.3,0.6499999999999999,3,1,3,1500,True,100,0.2
1265,0.3,0.7999999999999999,3,1,3,1500,True,100,0.2
1263,0.3,0.7999999999999999,3,1,3,1500,True,100,0.2
1234,0.3,0.7,3,1,3,1500,True,100,0.2
1233,0.3,0.7,3,1,3,1500,True,100,0.2
1232,0.3,0.7,3,1,3,1500,True,100,0.2
1231,0.3,0.7,3,1,3,1500,True,100,0.2
1230,0.3,0.7,3,1,3,1500,True,100,0.2
1229,0.3,0.7,3,2,3,1500,True,100,0.2
1228,0.3,0.55,3,2,3,1500,True,100,0.2
1227,0.3,0.7,3,1,3,1500,True,100,0.2
1226,0.3,0.7,3,1,3,1500,True,100,0.2
1225,0.3,0.7,3,3,3,1500,True,100,0.2
1224,0.3,0.7,3,1,3,1500,True,100,0.2
1223,0.3,0.7,3,1,3,1500,True,100,0.2
1222,0.3,0.7,3,1,3,1500,True,100,0.2
1221,0.3,0.7,3,1,3,1500,True,100,0.2
1220,0.3,0.7,3,1,3,1500,True,100,0.2
1219,0.3,0.7,3,1,3,1500,True,100,0.2
1218,0.3,0.6499999999999999,3,1,3,1500,True,100,0.2
1217,0.3,0.6499999999999999,3,2,3,1500,True,100,0.2
1216,0.3,0.6499999999999999,3,3,3,1500,True,100,0.2
1215,0.3,0.6499999999999999,3,2,3,1500,True,100,0.2
1214,0.3,0.6499999999999999,3,1,3,1500,True,100,0.2
1213,0.3,0.6499999999999999,3,2,3,1500,True,100,0.2
1212,0.3,0.6499999999999999,3,2,3,1500,True,100,0.2
1235,0.3,0.7,3,1,3,1500,True,100,0.2
1236,0.3,0.7,3,1,3,1500,True,100,0.2
1237,0.3,0.7,3,1,3,1500,True,100,0.2
1238,0.3,0.7,3,1,3,1500,True,100,0.2
1262,0.3,0.7999999999999999,3,1,3,1500,True,100,0.2
1261,0.3,0.7999999999999999,3,2,3,1500,True,100,0.2
1260,0.3,0.7999999999999999,3,1,3,1500,True,100,0.2
1259,0.3,0.75,3,2,3,1500,True,100,0.2
1258,0.3,0.75,3,2,3,1500,True,100,0.2
1257,0.3,0.75,3,1,3,1500,True,100,0.2
1256,0.3,0.75,3,1,3,1500,True,100,0.2
1255,0.3,0.75,3,1,3,1500,True,100,0.2
1254,0.3,0.75,3,1,3,1500,True,100,0.2
1253,0.3,0.75,3,1,3,1500,True,100,0.2
1252,0.3,0.75,3,1,3,1500,True,100,0.2
1264,0.3,0.7999999999999999,3,1,3,1500,True,100,0.2
1251,0.3,0.75,3,1,3,1500,True,100,0.2
1249,0.3,0.75,3,1,3,1500,True,100,0.2
1248,0.3,0.75,3,1,3,1500,True,100,0.2
1247,0.3,0.75,3,1,3,1500,True,100,0.2
1246,0.3,0.75,3,1,3,1500,True,100,0.2
1245,0.3,0.75,3,2,3,1500,True,100,0.2
1244,0.3,0.75,3,1,3,1500,True,100,0.2
1243,0.3,0.75,3,1,3,1500,True,100,0.2
1242,0.3,0.75,3,1,3,1500,True,100,0.2
1241,0.3,0.75,3,1,3,1500,True,100,0.2
1240,0.3,0.7,3,2,3,1500,True,100,0.2
1239,0.3,0.75,3,1,3,1500,True,100,0.2
1250,0.3,0.75,3,1,3,1500,True,100,0.2
1318,0.3,0.8999999999999999,3,1,3,1500,True,100,0.2
1100,0.3,0.4,3,2,3,1500,True,100,0.2
1098,0.25,0.8999999999999999,3,1,3,1500,True,100,0.2
959,0.25,0.6,3,1,3,1500,True,100,0.2
958,0.25,0.6,3,5,3,1500,True,100,0.2
957,0.25,0.55,3,2,3,1500,True,100,0.2
956,0.25,0.6,3,2,3,1500,True,100,0.2
955,0.25,0.55,3,2,3,1500,True,100,0.2
954,0.25,0.6,3,2,3,1500,True,100,0.2
953,0.25,0.6,3,2,3,1500,True,100,0.2
952,0.25,0.55,3,4,3,1500,True,100,0.2
951,0.25,0.55,3,2,3,1500,True,100,0.2
950,0.25,0.55,3,2,3,1500,True,100,0.2
949,0.25,0.55,3,2,3,1500,True,100,0.2
948,0.25,0.55,3,2,3,1500,True,100,0.2
947,0.25,0.55,3,3,3,1500,True,100,0.2
946,0.25,0.55,3,3,3,1500,True,100,0.2
945,0.25,0.55,3,2,3,1500,True,100,0.2
944,0.25,0.55,3,2,3,1500,True,100,0.2
943,0.25,0.55,3,2,3,1500,True,100,0.2
942,0.25,0.5,3,4,3,1500,True,100,0.2
941,0.25,0.55,3,2,3,1500,True,100,0.2
940,0.25,0.55,3,2,3,1500,True,100,0.2
939,0.25,0.5,3,2,3,1500,True,100,0.2
938,0.25,0.5,3,2,3,1500,True,100,0.2
937,0.25,0.5,3,2,3,1500,True,100,0.2
960,0.25,0.6,3,4,3,1500,True,100,0.2
961,0.25,0.6,3,2,3,1500,True,100,0.2
962,0.25,0.6,3,5,3,1500,True,100,0.2
963,0.25,0.6,3,2,3,1500,True,100,0.2
987,0.25,0.6499999999999999,3,2,3,1500,True,100,0.2
986,0.25,0.55,3,3,3,1500,True,100,0.2
985,0.25,0.6499999999999999,3,2,3,1500,True,100,0.2
984,0.25,0.6499999999999999,3,2,3,1500,True,100,0.2
983,0.25,0.6499999999999999,3,2,3,1500,True,100,0.2
982,0.25,0.6499999999999999,3,2,3,1500,True,100,0.2
981,0.25,0.6499999999999999,3,1,3,1500,True,100,0.2
980,0.25,0.6499999999999999,3,4,3,1500,True,100,0.2
979,0.25,0.6499999999999999,3,1,3,1500,True,100,0.2
978,0.25,0.6499999999999999,3,2,3,1500,True,100,0.2
977,0.25,0.6499999999999999,3,4,3,1500,True,100,0.2
936,0.25,0.5,3,2,3,1500,True,100,0.2
976,0.25,0.6499999999999999,3,3,3,1500,True,100,0.2
974,0.25,0.6,3,2,3,1500,True,100,0.2
973,0.25,0.6,3,1,3,1500,True,100,0.2
972,0.25,0.55,3,2,3,1500,True,100,0.2
971,0.25,0.55,3,2,3,1500,True,100,0.2
970,0.25,0.6,3,2,3,1500,True,100,0.2
969,0.25,0.6,3,2,3,1500,True,100,0.2
968,0.25,0.6,3,2,3,1500,True,100,0.2
967,0.25,0.55,3,2,3,1500,True,100,0.2
966,0.25,0.6,3,1,3,1500,True,100,0.2
965,0.25,0.55,3,2,3,1500,True,100,0.2
964,0.25,0.6,3,4,3,1500,True,100,0.2
975,0.25,0.6,3,2,3,1500,True,100,0.2
988,0.25,0.6499999999999999,3,1,3,1500,True,100,0.2
935,0.25,0.55,3,2,3,1500,True,100,0.2
933,0.25,0.5,3,3,3,1500,True,100,0.2
904,0.25,0.45,3,2,3,1500,True,100,0.2
903,0.25,0.4,3,2,3,1500,True,100,0.2
902,0.25,0.45,3,2,3,1500,True,100,0.2
901,0.25,0.45,3,2,3,1500,True,100,0.2
900,0.25,0.45,3,2,3,1500,True,100,0.2
899,0.25,0.4,3,2,3,1500,True,100,0.2
898,0.25,0.4,3,2,3,1500,True,100,0.2
897,0.25,0.4,3,2,3,1500,True,100,0.2
896,0.25,0.45,3,2,3,1500,True,100,0.2
895,0.25,0.4,3,2,3,1500,True,100,0.2
894,0.25,0.4,3,2,3,1500,True,100,0.2
893,0.25,0.4,3,2,3,1500,True,100,0.2
892,0.25,0.4,3,2,3,1500,True,100,0.2
891,0.25,0.4,3,2,3,1500,True,100,0.2
890,0.25,0.4,3,2,3,1500,True,100,0.2
889,0.25,0.4,3,2,3,1500,True,100,0.2
888,0.25,0.4,3,2,3,1500,True,100,0.2
887,0.25,0.4,3,2,3,1500,True,100,0.2
886,0.25,0.4,3,2,3,1500,True,100,0.2
885,0.25,0.4,3,2,3,1500,True,100,0.2
884,0.25,0.4,3,2,3,1500,True,100,0.2
883,0.25,0.4,3,2,3,1500,True,100,0.2
882,0.25,0.4,3,2,3,1500,True,100,0.2
905,0.25,0.45,3,2,3,1500,True,100,0.2
906,0.25,0.45,3,2,3,1500,True,100,0.2
907,0.25,0.45,3,2,3,1500,True,100,0.2
908,0.25,0.45,3,2,3,1500,True,100,0.2
932,0.25,0.5,3,2,3,1500,True,100,0.2
931,0.25,0.5,3,2,3,1500,True,100,0.2
930,0.25,0.5,3,2,3,1500,True,100,0.2
929,0.25,0.5,3,2,3,1500,True,100,0.2
928,0.25,0.5,3,2,3,1500,True,100,0.2
927,0.25,0.5,3,2,3,1500,True,100,0.2
926,0.25,0.5,3,2,3,1500,True,100,0.2
925,0.25,0.5,3,2,3,1500,True,100,0.2
924,0.25,0.5,3,2,3,1500,True,100,0.2
923,0.25,0.45,3,3,3,1500,True,100,0.2
922,0.25,0.5,3,2,3,1500,True,100,0.2
934,0.25,0.5,3,2,3,1500,True,100,0.2
921,0.25,0.5,3,2,3,1500,True,100,0.2
919,0.25,0.5,3,2,3,1500,True,100,0.2
918,0.25,0.45,3,2,3,1500,True,100,0.2
917,0.25,0.45,3,2,3,1500,True,100,0.2
916,0.25,0.45,3,10,3,1500,True,100,0.2
915,0.25,0.45,3,2,3,1500,True,100,0.2
914,0.25,0.45,3,2,3,1500,True,100,0.2
913,0.25,0.45,3,2,3,1500,True,100,0.2
912,0.25,0.45,3,2,3,1500,True,100,0.2
911,0.25,0.45,3,2,3,1500,True,100,0.2
910,0.25,0.45,3,2,3,1500,True,100,0.2
909,0.25,0.45,3,2,3,1500,True,100,0.2
920,0.25,0.5,3,2,3,1500,True,100,0.2
1099,0.25,0.8999999999999999,3,2,3,1500,True,100,0.2
989,0.25,0.6499999999999999,3,1,3,1500,True,100,0.2
991,0.25,0.6499999999999999,3,2,3,1500,True,100,0.2
1069,0.25,0.8499999999999999,3,1,3,1500,True,100,0.2
1068,0.25,0.8499999999999999,3,1,3,1500,True,100,0.2
1067,0.25,0.8499999999999999,3,1,3,1500,True,100,0.2
1066,0.25,0.8499999999999999,3,1,3,1500,True,100,0.2
1065,0.25,0.8499999999999999,3,3,3,1500,True,100,0.2
1064,0.25,0.8499999999999999,3,2,3,1500,True,100,0.2
1063,0.25,0.8499999999999999,3,1,3,1500,True,100,0.2
1062,0.25,0.8499999999999999,3,1,3,1500,True,100,0.2
1061,0.25,0.8499999999999999,3,1,3,1500,True,100,0.2
1060,0.25,0.8499999999999999,3,3,3,1500,True,100,0.2
1059,0.25,0.7999999999999999,3,1,3,1500,True,100,0.2
1058,0.25,0.7999999999999999,3,3,3,1500,True,100,0.2
1057,0.25,0.7999999999999999,3,2,3,1500,True,100,0.2
1056,0.25,0.7999999999999999,3,2,3,1500,True,100,0.2
1055,0.25,0.7999999999999999,3,1,3,1500,True,100,0.2
1054,0.25,0.7999999999999999,3,1,3,1500,True,100,0.2
1053,0.25,0.7999999999999999,3,2,3,1500,True,100,0.2
1052,0.25,0.7999999999999999,3,1,3,1500,True,100,0.2
1051,0.25,0.7999999999999999,3,2,3,1500,True,100,0.2
1050,0.25,0.7999999999999999,3,1,3,1500,True,100,0.2
1049,0.25,0.7999999999999999,3,1,3,1500,True,100,0.2
1048,0.25,0.7999999999999999,3,2,3,1500,True,100,0.2
1047,0.25,0.7999999999999999,3,1,3,1500,True,100,0.2
1070,0.25,0.8499999999999999,3,2,3,1500,True,100,0.2
1071,0.25,0.8499999999999999,3,1,3,1500,True,100,0.2
1072,0.25,0.8499999999999999,3,2,3,1500,True,100,0.2
1073,0.25,0.8499999999999999,3,1,3,1500,True,100,0.2
1097,0.25,0.8999999999999999,3,2,3,1500,True,100,0.2
1096,0.25,0.8999999999999999,3,2,3,1500,True,100,0.2
1095,0.25,0.8999999999999999,3,2,3,1500,True,100,0.2
1094,0.25,0.8999999999999999,3,1,3,1500,True,100,0.2
1093,0.25,0.8999999999999999,3,1,3,1500,True,100,0.2
1092,0.25,0.8999999999999999,3,2,3,1500,True,100,0.2
1091,0.25,0.8999999999999999,3,1,3,1500,True,100,0.2
1090,0.25,0.8999999999999999,3,2,3,1500,True,100,0.2
1089,0.25,0.8999999999999999,3,1,3,1500,True,100,0.2
1088,0.25,0.8999999999999999,3,1,3,1500,True,100,0.2
1087,0.25,0.8999999999999999,3,1,3,1500,True,100,0.2
1046,0.25,0.7999999999999999,3,3,3,1500,True,100,0.2
1086,0.25,0.8999999999999999,3,4,3,1500,True,100,0.2
1084,0.25,0.8999999999999999,3,1,3,1500,True,100,0.2
1083,0.25,0.8999999999999999,3,1,3,1500,True,100,0.2
1082,0.25,0.8999999999999999,3,2,3,1500,True,100,0.2
1081,0.25,0.8999999999999999,3,1,3,1500,True,100,0.2
1080,0.25,0.8999999999999999,3,1,3,1500,True,100,0.2
1079,0.25,0.8499999999999999,3,1,3,1500,True,100,0.2
1078,0.25,0.8499999999999999,3,1,3,1500,True,100,0.2
1077,0.25,0.8499999999999999,3,2,3,1500,True,100,0.2
1076,0.25,0.8499999999999999,3,2,3,1500,True,100,0.2
1075,0.25,0.8499999999999999,3,1,3,1500,True,100,0.2
1074,0.25,0.8499999999999999,3,1,3,1500,True,100,0.2
1085,0.25,0.8999999999999999,3,1,3,1500,True,100,0.2
990,0.25,0.6499999999999999,3,1,3,1500,True,100,0.2
1045,0.25,0.7999999999999999,3,1,3,1500,True,100,0.2
1043,0.25,0.7999999999999999,3,1,3,1500,True,100,0.2
1014,0.25,0.7,3,2,3,1500,True,100,0.2
1013,0.25,0.7,3,1,3,1500,True,100,0.2
1012,0.25,0.7,3,1,3,1500,True,100,0.2
1011,0.25,0.7,3,2,3,1500,True,100,0.2
1010,0.25,0.7,3,4,3,1500,True,100,0.2
1009,0.25,0.6,3,2,3,1500,True,100,0.2
1008,0.25,0.7,3,4,3,1500,True,100,0.2
1007,0.25,0.7,3,4,3,1500,True,100,0.2
1006,0.25,0.7,3,4,3,1500,True,100,0.2
1005,0.25,0.7,3,1,3,1500,True,100,0.2
1004,0.25,0.7,3,2,3,1500,True,100,0.2
1003,0.25,0.7,3,4,3,1500,True,100,0.2
1002,0.25,0.7,3,2,3,1500,True,100,0.2
1001,0.25,0.7,3,2,3,1500,True,100,0.2
1000,0.25,0.7,3,4,3,1500,True,100,0.2
999,0.25,0.7,3,1,3,1500,True,100,0.2
998,0.25,0.7,3,1,3,1500,True,100,0.2
997,0.25,0.6499999999999999,3,4,3,1500,True,100,0.2
996,0.25,0.7,3,1,3,1500,True,100,0.2
995,0.25,0.6499999999999999,3,2,3,1500,True,100,0.2
994,0.25,0.6499999999999999,3,3,3,1500,True,100,0.2
993,0.25,0.6499999999999999,3,2,3,1500,True,100,0.2
992,0.25,0.6499999999999999,3,2,3,1500,True,100,0.2
1015,0.25,0.7,3,4,3,1500,True,100,0.2
1016,0.25,0.7,3,1,3,1500,True,100,0.2
1017,0.25,0.75,3,2,3,1500,True,100,0.2
1018,0.25,0.75,3,2,3,1500,True,100,0.2
1042,0.25,0.7999999999999999,3,1,3,1500,True,100,0.2
1041,0.25,0.7999999999999999,3,3,3,1500,True,100,0.2
1040,0.25,0.75,3,3,3,1500,True,100,0.2
1039,0.25,0.75,3,1,3,1500,True,100,0.2
1038,0.25,0.7999999999999999,3,1,3,1500,True,100,0.2
1037,0.25,0.75,3,1,3,1500,True,100,0.2
1036,0.25,0.75,3,2,3,1500,True,100,0.2
1035,0.25,0.75,3,1,3,1500,True,100,0.2
1034,0.25,0.75,3,1,3,1500,True,100,0.2
1033,0.25,0.75,3,2,3,1500,True,100,0.2
1032,0.25,0.75,3,2,3,1500,True,100,0.2
1044,0.25,0.7999999999999999,3,2,3,1500,True,100,0.2
1031,0.25,0.75,3,3,3,1500,True,100,0.2
1029,0.25,0.75,3,3,3,1500,True,100,0.2
1028,0.25,0.75,3,1,3,1500,True,100,0.2
1027,0.25,0.75,3,2,3,1500,True,100,0.2
1026,0.25,0.75,3,2,3,1500,True,100,0.2
1025,0.25,0.75,3,1,3,1500,True,100,0.2
1024,0.25,0.75,3,1,3,1500,True,100,0.2
1023,0.25,0.6,3,2,3,1500,True,100,0.2
1022,0.25,0.75,3,2,3,1500,True,100,0.2
1021,0.25,0.6,3,2,3,1500,True,100,0.2
1020,0.25,0.7,3,3,3,1500,True,100,0.2
1019,0.25,0.75,3,1,3,1500,True,100,0.2
1030,0.25,0.75,3,2,3,1500,True,100,0.2
881,0.25,0.4,3,2,3,1500,True,100,0.2
1319,0.3,0.8999999999999999,3,1,3,1500,True,100,0.2
1321,0.35000000000000003,0.4,3,2,3,1500,True,100,0.2
1619,0.4,0.6,3,1,3,1500,True,100,0.2
1618,0.4,0.6,3,1,3,1500,True,100,0.2
1617,0.4,0.55,3,1,3,1500,True,100,0.2
1616,0.4,0.5,3,2,3,1500,True,100,0.2
1615,0.4,0.55,3,1,3,1500,True,100,0.2
1614,0.4,0.55,3,1,3,1500,True,100,0.2
1613,0.4,0.55,3,1,3,1500,True,100,0.2
1612,0.4,0.55,3,3,3,1500,True,100,0.2
1611,0.4,0.55,3,1,3,1500,True,100,0.2
1610,0.4,0.55,3,1,3,1500,True,100,0.2
1609,0.4,0.55,3,1,3,1500,True,100,0.2
1608,0.4,0.5,3,2,3,1500,True,100,0.2
1607,0.4,0.55,3,2,3,1500,True,100,0.2
1606,0.4,0.55,3,1,3,1500,True,100,0.2
1605,0.4,0.55,3,1,3,1500,True,100,0.2
1604,0.4,0.55,3,1,3,1500,True,100,0.2
1603,0.4,0.45,3,3,3,1500,True,100,0.2
1602,0.4,0.55,3,1,3,1500,True,100,0.2
1601,0.4,0.55,3,1,3,1500,True,100,0.2
1600,0.4,0.55,3,1,3,1500,True,100,0.2
1599,0.4,0.5,3,2,3,1500,True,100,0.2
1598,0.4,0.55,3,1,3,1500,True,100,0.2
1597,0.4,0.55,3,1,3,1500,True,100,0.2
1620,0.4,0.6,3,1,3,1500,True,100,0.2
1621,0.4,0.6,3,1,3,1500,True,100,0.2
1622,0.4,0.6,3,1,3,1500,True,100,0.2
1623,0.4,0.6,3,1,3,1500,True,100,0.2
1647,0.4,0.6499999999999999,3,1,3,1500,True,100,0.2
1646,0.4,0.6499999999999999,3,1,3,1500,True,100,0.2
1645,0.4,0.6499999999999999,3,1,3,1500,True,100,0.2
1644,0.4,0.6499999999999999,3,1,3,1500,True,100,0.2
1643,0.4,0.6499999999999999,3,1,3,1500,True,100,0.2
1642,0.4,0.6499999999999999,3,1,3,1500,True,100,0.2
1641,0.4,0.6499999999999999,3,1,3,1500,True,100,0.2
1640,0.4,0.6499999999999999,3,1,3,1500,True,100,0.2
1639,0.4,0.6499999999999999,3,1,3,1500,True,100,0.2
1638,0.4,0.6,3,1,3,1500,True,100,0.2
1637,0.4,0.6499999999999999,3,1,3,1500,True,100,0.2
1596,0.4,0.55,3,1,3,1500,True,100,0.2
1636,0.4,0.6,3,1,3,1500,True,100,0.2
1634,0.4,0.6,3,2,3,1500,True,100,0.2
1633,0.4,0.6,3,1,3,1500,True,100,0.2
1632,0.4,0.6,3,1,3,1500,True,100,0.2
1631,0.4,0.6,3,1,3,1500,True,100,0.2
1630,0.4,0.6,3,1,3,1500,True,100,0.2
1629,0.4,0.6,3,1,3,1500,True,100,0.2
1628,0.4,0.55,3,2,3,1500,True,100,0.2
1627,0.4,0.6,3,3,3,1500,True,100,0.2
1626,0.4,0.6,3,1,3,1500,True,100,0.2
1625,0.4,0.6,3,1,3,1500,True,100,0.2
1624,0.4,0.6,3,1,3,1500,True,100,0.2
1635,0.4,0.6,3,1,3,1500,True,100,0.2
1648,0.4,0.6499999999999999,3,1,3,1500,True,100,0.2
1595,0.4,0.5,3,2,3,1500,True,100,0.2
1593,0.4,0.45,3,2,3,1500,True,100,0.2
1564,0.4,0.45,3,1,3,1500,True,100,0.2
1563,0.4,0.45,3,1,3,1500,True,100,0.2
1562,0.4,0.45,3,1,3,1500,True,100,0.2
1561,0.4,0.45,3,1,3,1500,True,100,0.2
1560,0.4,0.45,3,2,3,1500,True,100,0.2
1559,0.35000000000000003,0.8999999999999999,3,1,3,1500,True,100,0.2
1558,0.35000000000000003,0.8999999999999999,3,1,3,1500,True,100,0.2
1557,0.35000000000000003,0.8999999999999999,3,1,3,1500,True,100,0.2
1556,0.4,0.4,3,97,3,1500,True,100,0.2
1555,0.4,0.4,3,95,3,1500,True,100,0.2
1554,0.4,0.4,3,95,3,1500,True,100,0.2
1553,0.35000000000000003,0.8999999999999999,3,1,3,1500,True,100,0.2
1552,0.4,0.4,3,94,3,1500,True,100,0.2
1551,0.4,0.4,3,95,3,1500,True,100,0.2
1550,0.4,0.4,3,96,3,1500,True,100,0.2
1549,0.35000000000000003,0.8999999999999999,3,1,3,1500,True,100,0.2
1548,0.35000000000000003,0.8999999999999999,3,1,3,1500,True,100,0.2
1547,0.4,0.4,3,95,3,1500,True,100,0.2
1546,0.4,0.4,3,95,3,1500,True,100,0.2
1545,0.4,0.4,3,91,3,1500,True,100,0.2
1544,0.4,0.4,3,95,3,1500,True,100,0.2
1543,0.4,0.4,3,97,3,1500,True,100,0.2
1542,0.4,0.4,3,99,3,1500,True,100,0.2
1565,0.4,0.45,3,1,3,1500,True,100,0.2
1566,0.4,0.45,3,1,3,1500,True,100,0.2
1567,0.4,0.45,3,1,3,1500,True,100,0.2
1568,0.4,0.45,3,1,3,1500,True,100,0.2
1592,0.4,0.5,3,2,3,1500,True,100,0.2
1591,0.4,0.5,3,1,3,1500,True,100,0.2
1590,0.4,0.5,3,1,3,1500,True,100,0.2
1589,0.4,0.5,3,1,3,1500,True,100,0.2
1588,0.4,0.5,3,1,3,1500,True,100,0.2
1587,0.4,0.5,3,1,3,1500,True,100,0.2
1586,0.4,0.5,3,1,3,1500,True,100,0.2
1585,0.4,0.5,3,1,3,1500,True,100,0.2
1584,0.4,0.5,3,1,3,1500,True,100,0.2
1583,0.4,0.5,3,1,3,1500,True,100,0.2
1582,0.4,0.5,3,1,3,1500,True,100,0.2
1594,0.4,0.55,3,1,3,1500,True,100,0.2
1581,0.4,0.5,3,1,3,1500,True,100,0.2
1579,0.4,0.5,3,1,3,1500,True,100,0.2
1578,0.4,0.5,3,1,3,1500,True,100,0.2
1577,0.4,0.45,3,1,3,1500,True,100,0.2
1576,0.4,0.45,3,1,3,1500,True,100,0.2
1575,0.4,0.45,3,1,3,1500,True,100,0.2
1574,0.4,0.45,3,1,3,1500,True,100,0.2
1573,0.4,0.45,3,1,3,1500,True,100,0.2
1572,0.4,0.45,3,1,3,1500,True,100,0.2
1571,0.4,0.45,3,1,3,1500,True,100,0.2
1570,0.4,0.45,3,1,3,1500,True,100,0.2
1569,0.4,0.45,3,1,3,1500,True,100,0.2
1580,0.4,0.5,3,1,3,1500,True,100,0.2
1541,0.4,0.4,3,94,3,1500,True,100,0.2
1649,0.4,0.5,3,2,3,1500,True,100,0.2
1651,0.4,0.6499999999999999,3,1,3,1500,True,100,0.2
1729,0.4,0.8499999999999999,3,2,3,1500,True,100,0.2
1728,0.4,0.8499999999999999,3,1,3,1500,True,100,0.2
1727,0.4,0.8499999999999999,3,1,3,1500,True,100,0.2
1726,0.4,0.8499999999999999,3,1,3,1500,True,100,0.2
1725,0.4,0.8499999999999999,3,1,3,1500,True,100,0.2
1724,0.4,0.8499999999999999,3,1,3,1500,True,100,0.2
1723,0.4,0.8499999999999999,3,1,3,1500,True,100,0.2
1722,0.4,0.8499999999999999,3,1,3,1500,True,100,0.2
1721,0.4,0.8499999999999999,3,1,3,1500,True,100,0.2
1720,0.4,0.7999999999999999,3,1,3,1500,True,100,0.2
1719,0.4,0.7999999999999999,3,1,3,1500,True,100,0.2
1718,0.4,0.8499999999999999,3,1,3,1500,True,100,0.2
1717,0.4,0.7999999999999999,3,1,3,1500,True,100,0.2
1716,0.4,0.7999999999999999,3,1,3,1500,True,100,0.2
1715,0.4,0.7999999999999999,3,1,3,1500,True,100,0.2
1714,0.4,0.7999999999999999,3,1,3,1500,True,100,0.2
1713,0.4,0.7999999999999999,3,1,3,1500,True,100,0.2
1712,0.4,0.7999999999999999,3,1,3,1500,True,100,0.2
1711,0.4,0.7999999999999999,3,1,3,1500,True,100,0.2
1710,0.4,0.7999999999999999,3,1,3,1500,True,100,0.2
1709,0.4,0.7999999999999999,3,1,3,1500,True,100,0.2
1708,0.4,0.7999999999999999,3,1,3,1500,True,100,0.2
1707,0.4,0.7999999999999999,3,1,3,1500,True,100,0.2
1730,0.4,0.8499999999999999,3,1,3,1500,True,100,0.2
1731,0.4,0.8499999999999999,3,2,3,1500,True,100,0.2
1732,0.4,0.8499999999999999,3,1,3,1500,True,100,0.2
1733,0.4,0.8499999999999999,3,1,3,1500,True,100,0.2
1757,0.4,0.8999999999999999,3,1,3,1500,True,100,0.2
1756,0.4,0.8999999999999999,3,1,3,1500,True,100,0.2
1755,0.4,0.8999999999999999,3,1,3,1500,True,100,0.2
1754,0.4,0.8999999999999999,3,1,3,1500,True,100,0.2
1753,0.4,0.8999999999999999,3,1,3,1500,True,100,0.2
1752,0.4,0.8999999999999999,3,1,3,1500,True,100,0.2
1751,0.4,0.8999999999999999,3,1,3,1500,True,100,0.2
1750,0.4,0.8999999999999999,3,1,3,1500,True,100,0.2
1749,0.4,0.8999999999999999,3,1,3,1500,True,100,0.2
1748,0.4,0.8999999999999999,3,1,3,1500,True,100,0.2
1747,0.4,0.8999999999999999,3,1,3,1500,True,100,0.2
1706,0.4,0.7999999999999999,3,1,3,1500,True,100,0.2
1746,0.4,0.8999999999999999,3,1,3,1500,True,100,0.2
1744,0.4,0.8999999999999999,3,1,3,1500,True,100,0.2
1743,0.4,0.8499999999999999,3,1,3,1500,True,100,0.2
1742,0.4,0.8999999999999999,3,1,3,1500,True,100,0.2
1741,0.4,0.8999999999999999,3,1,3,1500,True,100,0.2
1740,0.4,0.8999999999999999,3,1,3,1500,True,100,0.2
1739,0.4,0.8499999999999999,3,1,3,1500,True,100,0.2
1738,0.4,0.8999999999999999,3,1,3,1500,True,100,0.2
1737,0.4,0.8499999999999999,3,1,3,1500,True,100,0.2
1736,0.4,0.8499999999999999,3,1,3,1500,True,100,0.2
1735,0.4,0.8499999999999999,3,1,3,1500,True,100,0.2
1734,0.4,0.8499999999999999,3,1,3,1500,True,100,0.2
1745,0.4,0.8999999999999999,3,1,3,1500,True,100,0.2
1650,0.4,0.6499999999999999,3,1,3,1500,True,100,0.2
1705,0.4,0.7999999999999999,3,1,3,1500,True,100,0.2
1703,0.4,0.7999999999999999,3,1,3,1500,True,100,0.2
1674,0.4,0.7,3,1,3,1500,True,100,0.2
1673,0.4,0.7,3,1,3,1500,True,100,0.2
1672,0.4,0.7,3,1,3,1500,True,100,0.2
1671,0.4,0.7,3,1,3,1500,True,100,0.2
1670,0.4,0.7,3,1,3,1500,True,100,0.2
1669,0.4,0.7,3,1,3,1500,True,100,0.2
1668,0.4,0.7,3,2,3,1500,True,100,0.2
1667,0.4,0.7,3,1,3,1500,True,100,0.2
1666,0.4,0.7,3,1,3,1500,True,100,0.2
1665,0.4,0.7,3,1,3,1500,True,100,0.2
1664,0.4,0.7,3,1,3,1500,True,100,0.2
1663,0.4,0.7,3,1,3,1500,True,100,0.2
1662,0.4,0.7,3,1,3,1500,True,100,0.2
1661,0.4,0.7,3,1,3,1500,True,100,0.2
1660,0.4,0.7,3,1,3,1500,True,100,0.2
1659,0.4,0.7,3,1,3,1500,True,100,0.2
1658,0.4,0.6499999999999999,3,1,3,1500,True,100,0.2
1657,0.4,0.6499999999999999,3,2,3,1500,True,100,0.2
1656,0.4,0.6499999999999999,3,1,3,1500,True,100,0.2
1655,0.4,0.6499999999999999,3,1,3,1500,True,100,0.2
1654,0.4,0.6499999999999999,3,1,3,1500,True,100,0.2
1653,0.4,0.6499999999999999,3,1,3,1500,True,100,0.2
1652,0.4,0.6499999999999999,3,1,3,1500,True,100,0.2
1675,0.4,0.7,3,1,3,1500,True,100,0.2
1676,0.4,0.7,3,1,3,1500,True,100,0.2
1677,0.4,0.7,3,1,3,1500,True,100,0.2
1678,0.4,0.75,3,1,3,1500,True,100,0.2
1702,0.4,0.7999999999999999,3,2,3,1500,True,100,0.2
1701,0.4,0.7999999999999999,3,1,3,1500,True,100,0.2
1700,0.4,0.7999999999999999,3,1,3,1500,True,100,0.2
1699,0.4,0.75,3,2,3,1500,True,100,0.2
1698,0.4,0.75,3,1,3,1500,True,100,0.2
1697,0.4,0.75,3,1,3,1500,True,100,0.2
1696,0.4,0.75,3,1,3,1500,True,100,0.2
1695,0.4,0.75,3,1,3,1500,True,100,0.2
1694,0.4,0.75,3,1,3,1500,True,100,0.2
1693,0.4,0.75,3,1,3,1500,True,100,0.2
1692,0.4,0.75,3,1,3,1500,True,100,0.2
1704,0.4,0.7999999999999999,3,1,3,1500,True,100,0.2
1691,0.4,0.75,3,1,3,1500,True,100,0.2
1689,0.4,0.75,3,1,3,1500,True,100,0.2
1688,0.4,0.75,3,1,3,1500,True,100,0.2
1687,0.4,0.75,3,1,3,1500,True,100,0.2
1686,0.4,0.75,3,1,3,1500,True,100,0.2
1685,0.4,0.75,3,1,3,1500,True,100,0.2
1684,0.4,0.75,3,1,3,1500,True,100,0.2
1683,0.4,0.75,3,2,3,1500,True,100,0.2
1682,0.4,0.6,3,2,3,1500,True,100,0.2
1681,0.4,0.75,3,1,3,1500,True,100,0.2
1680,0.4,0.7,3,1,3,1500,True,100,0.2
1679,0.4,0.75,3,1,3,1500,True,100,0.2
1690,0.4,0.75,3,1,3,1500,True,100,0.2
1320,0.35000000000000003,0.4,3,2,3,1500,True,100,0.2
1540,0.4,0.4,3,95,3,1500,True,100,0.2
1538,0.4,0.4,3,96,3,1500,True,100,0.2
1399,0.35000000000000003,0.5,3,2,3,1500,True,100,0.2
1398,0.35000000000000003,0.6,3,1,3,1500,True,100,0.2
1397,0.35000000000000003,0.6,3,1,3,1500,True,100,0.2
1396,0.35000000000000003,0.6,3,1,3,1500,True,100,0.2
1395,0.35000000000000003,0.6,3,1,3,1500,True,100,0.2
1394,0.35000000000000003,0.55,3,1,3,1500,True,100,0.2
1393,0.35000000000000003,0.55,3,1,3,1500,True,100,0.2
1392,0.35000000000000003,0.5,3,3,3,1500,True,100,0.2
1391,0.35000000000000003,0.55,3,1,3,1500,True,100,0.2
1390,0.35000000000000003,0.55,3,2,3,1500,True,100,0.2
1389,0.35000000000000003,0.55,3,1,3,1500,True,100,0.2
1388,0.35000000000000003,0.55,3,1,3,1500,True,100,0.2
1387,0.35000000000000003,0.55,3,1,3,1500,True,100,0.2
1386,0.35000000000000003,0.55,3,1,3,1500,True,100,0.2
1385,0.35000000000000003,0.55,3,1,3,1500,True,100,0.2
1384,0.35000000000000003,0.55,3,1,3,1500,True,100,0.2
1383,0.35000000000000003,0.55,3,1,3,1500,True,100,0.2
1382,0.35000000000000003,0.55,3,1,3,1500,True,100,0.2
1381,0.35000000000000003,0.5,3,2,3,1500,True,100,0.2
1380,0.35000000000000003,0.5,3,2,3,1500,True,100,0.2
1379,0.35000000000000003,0.55,3,1,3,1500,True,100,0.2
1378,0.35000000000000003,0.5,3,2,3,1500,True,100,0.2
1377,0.35000000000000003,0.55,3,1,3,1500,True,100,0.2
1400,0.35000000000000003,0.6,3,2,3,1500,True,100,0.2
1401,0.35000000000000003,0.6,3,1,3,1500,True,100,0.2
1402,0.35000000000000003,0.6,3,1,3,1500,True,100,0.2
1403,0.35000000000000003,0.6,3,1,3,1500,True,100,0.2
1427,0.35000000000000003,0.6499999999999999,3,1,3,1500,True,100,0.2
1426,0.35000000000000003,0.6499999999999999,3,1,3,1500,True,100,0.2
1425,0.35000000000000003,0.6499999999999999,3,1,3,1500,True,100,0.2
1424,0.35000000000000003,0.6499999999999999,3,1,3,1500,True,100,0.2
1423,0.35000000000000003,0.6499999999999999,3,2,3,1500,True,100,0.2
1422,0.35000000000000003,0.55,3,2,3,1500,True,100,0.2
1421,0.35000000000000003,0.6499999999999999,3,1,3,1500,True,100,0.2
1420,0.35000000000000003,0.6499999999999999,3,1,3,1500,True,100,0.2
1419,0.35000000000000003,0.6499999999999999,3,1,3,1500,True,100,0.2
1418,0.35000000000000003,0.5,3,2,3,1500,True,100,0.2
1417,0.35000000000000003,0.6499999999999999,3,2,3,1500,True,100,0.2
1376,0.35000000000000003,0.55,3,2,3,1500,True,100,0.2
1416,0.35000000000000003,0.6499999999999999,3,2,3,1500,True,100,0.2
1414,0.35000000000000003,0.6,3,1,3,1500,True,100,0.2
1413,0.35000000000000003,0.6,3,1,3,1500,True,100,0.2
1412,0.35000000000000003,0.6,3,2,3,1500,True,100,0.2
1411,0.35000000000000003,0.6,3,2,3,1500,True,100,0.2
1410,0.35000000000000003,0.6,3,1,3,1500,True,100,0.2
1409,0.35000000000000003,0.6,3,1,3,1500,True,100,0.2
1408,0.35000000000000003,0.6,3,1,3,1500,True,100,0.2
1407,0.35000000000000003,0.6,3,1,3,1500,True,100,0.2
1406,0.35000000000000003,0.6,3,1,3,1500,True,100,0.2
1405,0.35000000000000003,0.6,3,3,3,1500,True,100,0.2
1404,0.35000000000000003,0.6,3,1,3,1500,True,100,0.2
1415,0.35000000000000003,0.6,3,1,3,1500,True,100,0.2
1428,0.35000000000000003,0.6499999999999999,3,2,3,1500,True,100,0.2
1375,0.35000000000000003,0.55,3,1,3,1500,True,100,0.2
1373,0.35000000000000003,0.55,3,1,3,1500,True,100,0.2
1344,0.35000000000000003,0.45,3,2,3,1500,True,100,0.2
1343,0.35000000000000003,0.45,3,1,3,1500,True,100,0.2
1342,0.35000000000000003,0.4,3,2,3,1500,True,100,0.2
1341,0.35000000000000003,0.45,3,1,3,1500,True,100,0.2
1340,0.35000000000000003,0.4,3,2,3,1500,True,100,0.2
1339,0.35000000000000003,0.4,3,2,3,1500,True,100,0.2
1338,0.35000000000000003,0.4,3,2,3,1500,True,100,0.2
1337,0.35000000000000003,0.45,3,2,3,1500,True,100,0.2
1336,0.35000000000000003,0.45,3,1,3,1500,True,100,0.2
1335,0.35000000000000003,0.4,3,2,3,1500,True,100,0.2
1334,0.35000000000000003,0.4,3,2,3,1500,True,100,0.2
1333,0.35000000000000003,0.4,3,2,3,1500,True,100,0.2
1332,0.35000000000000003,0.4,3,2,3,1500,True,100,0.2
1331,0.35000000000000003,0.4,3,1,3,1500,True,100,0.2
1330,0.35000000000000003,0.4,3,3,3,1500,True,100,0.2
1329,0.35000000000000003,0.4,3,2,3,1500,True,100,0.2
1328,0.35000000000000003,0.4,3,1,3,1500,True,100,0.2
1327,0.35000000000000003,0.4,3,2,3,1500,True,100,0.2
1326,0.35000000000000003,0.4,3,2,3,1500,True,100,0.2
1325,0.35000000000000003,0.4,3,2,3,1500,True,100,0.2
1324,0.35000000000000003,0.4,3,1,3,1500,True,100,0.2
1323,0.35000000000000003,0.4,3,2,3,1500,True,100,0.2
1322,0.35000000000000003,0.4,3,2,3,1500,True,100,0.2
1345,0.35000000000000003,0.45,3,2,3,1500,True,100,0.2
1346,0.35000000000000003,0.45,3,2,3,1500,True,100,0.2
1347,0.35000000000000003,0.45,3,2,3,1500,True,100,0.2
1348,0.35000000000000003,0.45,3,2,3,1500,True,100,0.2
1372,0.35000000000000003,0.5,3,2,3,1500,True,100,0.2
1371,0.35000000000000003,0.5,3,2,3,1500,True,100,0.2
1370,0.35000000000000003,0.5,3,1,3,1500,True,100,0.2
1369,0.35000000000000003,0.5,3,2,3,1500,True,100,0.2
1368,0.35000000000000003,0.5,3,3,3,1500,True,100,0.2
1367,0.35000000000000003,0.45,3,2,3,1500,True,100,0.2
1366,0.35000000000000003,0.5,3,1,3,1500,True,100,0.2
1365,0.35000000000000003,0.5,3,1,3,1500,True,100,0.2
1364,0.35000000000000003,0.45,3,2,3,1500,True,100,0.2
1363,0.35000000000000003,0.5,3,1,3,1500,True,100,0.2
1362,0.35000000000000003,0.45,3,2,3,1500,True,100,0.2
1374,0.35000000000000003,0.5,3,2,3,1500,True,100,0.2
1361,0.35000000000000003,0.5,3,1,3,1500,True,100,0.2
1359,0.35000000000000003,0.5,3,1,3,1500,True,100,0.2
1358,0.35000000000000003,0.45,3,2,3,1500,True,100,0.2
1357,0.35000000000000003,0.45,3,2,3,1500,True,100,0.2
1356,0.35000000000000003,0.5,3,1,3,1500,True,100,0.2
1355,0.35000000000000003,0.45,3,2,3,1500,True,100,0.2
1354,0.35000000000000003,0.5,3,1,3,1500,True,100,0.2
1353,0.35000000000000003,0.45,3,2,3,1500,True,100,0.2
1352,0.35000000000000003,0.45,3,1,3,1500,True,100,0.2
1351,0.35000000000000003,0.45,3,2,3,1500,True,100,0.2
1350,0.35000000000000003,0.45,3,2,3,1500,True,100,0.2
1349,0.35000000000000003,0.45,3,2,3,1500,True,100,0.2
1360,0.35000000000000003,0.5,3,3,3,1500,True,100,0.2
1539,0.4,0.4,3,93,3,1500,True,100,0.2
1429,0.35000000000000003,0.6499999999999999,3,1,3,1500,True,100,0.2
1431,0.35000000000000003,0.6499999999999999,3,1,3,1500,True,100,0.2
1509,0.35000000000000003,0.8499999999999999,3,1,3,1500,True,100,0.2
1508,0.35000000000000003,0.8499999999999999,3,1,3,1500,True,100,0.2
1507,0.35000000000000003,0.8499999999999999,3,1,3,1500,True,100,0.2
1506,0.35000000000000003,0.8499999999999999,3,1,3,1500,True,100,0.2
1505,0.35000000000000003,0.8499999999999999,3,1,3,1500,True,100,0.2
1504,0.35000000000000003,0.8499999999999999,3,1,3,1500,True,100,0.2
1503,0.35000000000000003,0.8499999999999999,3,1,3,1500,True,100,0.2
1502,0.35000000000000003,0.8499999999999999,3,1,3,1500,True,100,0.2
1501,0.35000000000000003,0.8499999999999999,3,1,3,1500,True,100,0.2
1500,0.35000000000000003,0.8499999999999999,3,1,3,1500,True,100,0.2
1499,0.35000000000000003,0.7999999999999999,3,1,3,1500,True,100,0.2
1498,0.35000000000000003,0.7999999999999999,3,1,3,1500,True,100,0.2
1497,0.35000000000000003,0.7999999999999999,3,1,3,1500,True,100,0.2
1496,0.35000000000000003,0.7999999999999999,3,1,3,1500,True,100,0.2
1495,0.35000000000000003,0.7999999999999999,3,1,3,1500,True,100,0.2
1494,0.35000000000000003,0.7999999999999999,3,1,3,1500,True,100,0.2
1493,0.35000000000000003,0.7999999999999999,3,1,3,1500,True,100,0.2
1492,0.35000000000000003,0.7999999999999999,3,1,3,1500,True,100,0.2
1491,0.35000000000000003,0.7999999999999999,3,1,3,1500,True,100,0.2
1490,0.35000000000000003,0.7999999999999999,3,1,3,1500,True,100,0.2
1489,0.35000000000000003,0.7999999999999999,3,1,3,1500,True,100,0.2
1488,0.35000000000000003,0.7999999999999999,3,1,3,1500,True,100,0.2
1487,0.35000000000000003,0.7999999999999999,3,1,3,1500,True,100,0.2
1510,0.35000000000000003,0.8499999999999999,3,1,3,1500,True,100,0.2
1511,0.35000000000000003,0.8499999999999999,3,1,3,1500,True,100,0.2
1512,0.35000000000000003,0.8499999999999999,3,1,3,1500,True,100,0.2
1513,0.35000000000000003,0.8499999999999999,3,1,3,1500,True,100,0.2
1537,0.4,0.4,3,92,3,1500,True,100,0.2
1536,0.4,0.4,3,93,3,1500,True,100,0.2
1535,0.4,0.4,3,94,3,1500,True,100,0.2
1534,0.4,0.4,3,95,3,1500,True,100,0.2
1533,0.35000000000000003,0.8999999999999999,3,1,3,1500,True,100,0.2
1532,0.35000000000000003,0.8999999999999999,3,1,3,1500,True,100,0.2
1531,0.35000000000000003,0.8999999999999999,3,1,3,1500,True,100,0.2
1530,0.35000000000000003,0.8999999999999999,3,1,3,1500,True,100,0.2
1529,0.35000000000000003,0.8999999999999999,3,1,3,1500,True,100,0.2
1528,0.35000000000000003,0.8999999999999999,3,2,3,1500,True,100,0.2
1527,0.35000000000000003,0.8999999999999999,3,1,3,1500,True,100,0.2
1486,0.35000000000000003,0.7999999999999999,3,1,3,1500,True,100,0.2
1526,0.35000000000000003,0.8999999999999999,3,1,3,1500,True,100,0.2
1524,0.35000000000000003,0.8999999999999999,3,1,3,1500,True,100,0.2
1523,0.35000000000000003,0.8999999999999999,3,1,3,1500,True,100,0.2
1522,0.35000000000000003,0.8999999999999999,3,1,3,1500,True,100,0.2
1521,0.35000000000000003,0.8999999999999999,3,1,3,1500,True,100,0.2
1520,0.35000000000000003,0.8499999999999999,3,1,3,1500,True,100,0.2
1519,0.35000000000000003,0.8999999999999999,3,1,3,1500,True,100,0.2
1518,0.35000000000000003,0.8499999999999999,3,1,3,1500,True,100,0.2
1517,0.35000000000000003,0.8499999999999999,3,1,3,1500,True,100,0.2
1516,0.35000000000000003,0.8499999999999999,3,1,3,1500,True,100,0.2
1515,0.35000000000000003,0.8499999999999999,3,2,3,1500,True,100,0.2
1514,0.35000000000000003,0.8499999999999999,3,1,3,1500,True,100,0.2
1525,0.35000000000000003,0.8999999999999999,3,1,3,1500,True,100,0.2
1430,0.35000000000000003,0.6499999999999999,3,1,3,1500,True,100,0.2
1485,0.35000000000000003,0.7999999999999999,3,1,3,1500,True,100,0.2
1483,0.35000000000000003,0.7999999999999999,3,1,3,1500,True,100,0.2
1454,0.35000000000000003,0.7,3,1,3,1500,True,100,0.2
1453,0.35000000000000003,0.7,3,2,3,1500,True,100,0.2
1452,0.35000000000000003,0.7,3,1,3,1500,True,100,0.2
1451,0.35000000000000003,0.7,3,1,3,1500,True,100,0.2
1450,0.35000000000000003,0.7,3,1,3,1500,True,100,0.2
1449,0.35000000000000003,0.7,3,1,3,1500,True,100,0.2
1448,0.35000000000000003,0.7,3,2,3,1500,True,100,0.2
1447,0.35000000000000003,0.7,3,1,3,1500,True,100,0.2
1446,0.35000000000000003,0.7,3,2,3,1500,True,100,0.2
1445,0.35000000000000003,0.7,3,1,3,1500,True,100,0.2
1444,0.35000000000000003,0.7,3,2,3,1500,True,100,0.2
1443,0.35000000000000003,0.7,3,2,3,1500,True,100,0.2
1442,0.35000000000000003,0.55,3,2,3,1500,True,100,0.2
1441,0.35000000000000003,0.7,3,1,3,1500,True,100,0.2
1440,0.35000000000000003,0.7,3,1,3,1500,True,100,0.2
1439,0.35000000000000003,0.7,3,1,3,1500,True,100,0.2
1438,0.35000000000000003,0.7,3,1,3,1500,True,100,0.2
1437,0.35000000000000003,0.6499999999999999,3,1,3,1500,True,100,0.2
1436,0.35000000000000003,0.6499999999999999,3,2,3,1500,True,100,0.2
1435,0.35000000000000003,0.6499999999999999,3,1,3,1500,True,100,0.2
1434,0.35000000000000003,0.6499999999999999,3,1,3,1500,True,100,0.2
1433,0.35000000000000003,0.6499999999999999,3,1,3,1500,True,100,0.2
1432,0.35000000000000003,0.6499999999999999,3,2,3,1500,True,100,0.2
1455,0.35000000000000003,0.7,3,1,3,1500,True,100,0.2
1456,0.35000000000000003,0.7,3,1,3,1500,True,100,0.2
1457,0.35000000000000003,0.7,3,2,3,1500,True,100,0.2
1458,0.35000000000000003,0.7,3,2,3,1500,True,100,0.2
1482,0.35000000000000003,0.7999999999999999,3,1,3,1500,True,100,0.2
1481,0.35000000000000003,0.7999999999999999,3,1,3,1500,True,100,0.2
1480,0.35000000000000003,0.75,3,2,3,1500,True,100,0.2
1479,0.35000000000000003,0.7999999999999999,3,1,3,1500,True,100,0.2
1478,0.35000000000000003,0.75,3,2,3,1500,True,100,0.2
1477,0.35000000000000003,0.75,3,1,3,1500,True,100,0.2
1476,0.35000000000000003,0.75,3,1,3,1500,True,100,0.2
1475,0.35000000000000003,0.75,3,1,3,1500,True,100,0.2
1474,0.35000000000000003,0.55,3,2,3,1500,True,100,0.2
1473,0.35000000000000003,0.75,3,1,3,1500,True,100,0.2
1472,0.35000000000000003,0.75,3,1,3,1500,True,100,0.2
1484,0.35000000000000003,0.7999999999999999,3,1,3,1500,True,100,0.2
1471,0.35000000000000003,0.75,3,1,3,1500,True,100,0.2
1469,0.35000000000000003,0.75,3,1,3,1500,True,100,0.2
1468,0.35000000000000003,0.75,3,1,3,1500,True,100,0.2
1467,0.35000000000000003,0.75,3,1,3,1500,True,100,0.2
1466,0.35000000000000003,0.75,3,2,3,1500,True,100,0.2
1465,0.35000000000000003,0.75,3,1,3,1500,True,100,0.2
1464,0.35000000000000003,0.75,3,1,3,1500,True,100,0.2
1463,0.35000000000000003,0.75,3,1,3,1500,True,100,0.2
1462,0.35000000000000003,0.75,3,1,3,1500,True,100,0.2
1461,0.35000000000000003,0.75,3,1,3,1500,True,100,0.2
1460,0.35000000000000003,0.75,3,1,3,1500,True,100,0.2
1459,0.35000000000000003,0.75,3,1,3,1500,True,100,0.2
1470,0.35000000000000003,0.75,3,1,3,1500,True,100,0.2
880,0.25,0.4,3,2,3,1500,True,100,0.2
879,0.2,0.8999999999999999,3,1,3,1500,True,100,0.2
878,0.2,0.8999999999999999,3,2,3,1500,True,100,0.2
298,0.1,0.55,3,2,3,1500,True,100,0.2
297,0.1,0.55,3,2,3,1500,True,100,0.2
296,0.1,0.55,3,2,3,1500,True,100,0.2
295,0.1,0.55,3,2,3,1500,True,100,0.2
294,0.1,0.55,3,2,3,1500,True,100,0.2
293,0.1,0.55,3,4,3,1500,True,100,0.2
292,0.1,0.55,3,2,3,1500,True,100,0.2
291,0.1,0.55,3,2,3,1500,True,100,0.2
290,0.1,0.55,3,2,3,1500,True,100,0.2
289,0.1,0.55,3,2,3,1500,True,100,0.2
288,0.1,0.55,3,2,3,1500,True,100,0.2
287,0.1,0.55,3,2,3,1500,True,100,0.2
286,0.1,0.55,3,2,3,1500,True,100,0.2
285,0.1,0.55,3,2,3,1500,True,100,0.2
284,0.1,0.55,3,2,3,1500,True,100,0.2
283,0.1,0.55,3,2,3,1500,True,100,0.2
282,0.1,0.55,3,2,3,1500,True,100,0.2
281,0.1,0.55,3,2,3,1500,True,100,0.2
280,0.1,0.55,3,2,3,1500,True,100,0.2
279,0.1,0.5,3,2,3,1500,True,100,0.2
278,0.1,0.5,3,2,3,1500,True,100,0.2
277,0.1,0.5,3,2,3,1500,True,100,0.2
276,0.1,0.5,3,2,3,1500,True,100,0.2
299,0.1,0.6,3,5,3,1500,True,100,0.2
300,0.1,0.55,3,2,3,1500,True,100,0.2
301,0.1,0.6,3,3,3,1500,True,100,0.2
302,0.1,0.6,3,4,3,1500,True,100,0.2
326,0.1,0.6499999999999999,3,5,3,1500,True,100,0.2
325,0.1,0.6499999999999999,3,7,3,1500,True,100,0.2
324,0.1,0.6,3,2,3,1500,True,100,0.2
323,0.1,0.6499999999999999,3,3,3,1500,True,100,0.2
322,0.1,0.6499999999999999,3,7,3,1500,True,100,0.2
321,0.1,0.6499999999999999,3,10,3,1500,True,100,0.2
320,0.1,0.6499999999999999,3,7,3,1500,True,100,0.2
319,0.1,0.6,3,6,3,1500,True,100,0.2
318,0.1,0.6499999999999999,3,7,3,1500,True,100,0.2
317,0.1,0.6,3,4,3,1500,True,100,0.2
316,0.1,0.6,3,3,3,1500,True,100,0.2
275,0.1,0.5,3,2,3,1500,True,100,0.2
315,0.1,0.6,3,4,3,1500,True,100,0.2
313,0.1,0.6,3,6,3,1500,True,100,0.2
312,0.1,0.6,3,6,3,1500,True,100,0.2
311,0.1,0.6,3,2,3,1500,True,100,0.2
310,0.1,0.6,3,4,3,1500,True,100,0.2
309,0.1,0.6,3,4,3,1500,True,100,0.2
308,0.1,0.6,3,2,3,1500,True,100,0.2
307,0.1,0.6,3,6,3,1500,True,100,0.2
306,0.1,0.6,3,3,3,1500,True,100,0.2
305,0.1,0.6,3,4,3,1500,True,100,0.2
304,0.1,0.6,3,2,3,1500,True,100,0.2
303,0.1,0.6,3,5,3,1500,True,100,0.2
314,0.1,0.6,3,4,3,1500,True,100,0.2
327,0.1,0.6499999999999999,3,9,3,1500,True,100,0.2
274,0.1,0.5,3,2,3,1500,True,100,0.2
272,0.1,0.5,3,2,3,1500,True,100,0.2
243,0.1,0.45,3,2,3,1500,True,100,0.2
242,0.1,0.4,3,2,3,1500,True,100,0.2
241,0.1,0.45,3,2,3,1500,True,100,0.2
240,0.1,0.45,3,2,3,1500,True,100,0.2
239,0.1,0.45,3,2,3,1500,True,100,0.2
238,0.1,0.4,3,2,3,1500,True,100,0.2
237,0.1,0.4,3,2,3,1500,True,100,0.2
236,0.1,0.4,3,2,3,1500,True,100,0.2
235,0.1,0.4,3,2,3,1500,True,100,0.2
234,0.1,0.4,3,2,3,1500,True,100,0.2
233,0.1,0.4,3,2,3,1500,True,100,0.2
232,0.1,0.4,3,2,3,1500,True,100,0.2
231,0.1,0.4,3,2,3,1500,True,100,0.2
230,0.1,0.4,3,2,3,1500,True,100,0.2
229,0.1,0.4,3,2,3,1500,True,100,0.2
228,0.1,0.4,3,2,3,1500,True,100,0.2
227,0.1,0.4,3,2,3,1500,True,100,0.2
226,0.1,0.4,3,2,3,1500,True,100,0.2
225,0.1,0.4,3,2,3,1500,True,100,0.2
224,0.1,0.4,3,2,3,1500,True,100,0.2
223,0.1,0.4,3,2,3,1500,True,100,0.2
222,0.1,0.4,3,2,3,1500,True,100,0.2
221,0.05,0.8999999999999999,3,12,3,1500,True,100,0.2
244,0.1,0.45,3,2,3,1500,True,100,0.2
245,0.1,0.45,3,2,3,1500,True,100,0.2
246,0.1,0.45,3,2,3,1500,True,100,0.2
247,0.1,0.45,3,2,3,1500,True,100,0.2
271,0.1,0.5,3,2,3,1500,True,100,0.2
270,0.1,0.5,3,2,3,1500,True,100,0.2
269,0.1,0.5,3,2,3,1500,True,100,0.2
268,0.1,0.5,3,2,3,1500,True,100,0.2
267,0.1,0.5,3,2,3,1500,True,100,0.2
266,0.1,0.5,3,2,3,1500,True,100,0.2
265,0.1,0.5,3,2,3,1500,True,100,0.2
264,0.1,0.5,3,2,3,1500,True,100,0.2
263,0.1,0.5,3,2,3,1500,True,100,0.2
262,0.1,0.5,3,2,3,1500,True,100,0.2
261,0.1,0.5,3,2,3,1500,True,100,0.2
273,0.1,0.5,3,2,3,1500,True,100,0.2
260,0.1,0.45,3,2,3,1500,True,100,0.2
258,0.1,0.5,3,2,3,1500,True,100,0.2
257,0.1,0.45,3,2,3,1500,True,100,0.2
256,0.1,0.45,3,2,3,1500,True,100,0.2
255,0.1,0.45,3,2,3,1500,True,100,0.2
254,0.1,0.45,3,2,3,1500,True,100,0.2
253,0.1,0.45,3,2,3,1500,True,100,0.2
252,0.1,0.45,3,2,3,1500,True,100,0.2
251,0.1,0.45,3,2,3,1500,True,100,0.2
250,0.1,0.45,3,2,3,1500,True,100,0.2
249,0.1,0.45,3,2,3,1500,True,100,0.2
248,0.1,0.45,3,2,3,1500,True,100,0.2
259,0.1,0.45,3,2,3,1500,True,100,0.2
220,0.1,0.4,3,2,3,1500,True,100,0.2
328,0.1,0.6499999999999999,3,6,3,1500,True,100,0.2
330,0.1,0.6499999999999999,3,9,3,1500,True,100,0.2
408,0.1,0.8499999999999999,3,6,3,1500,True,100,0.2
407,0.1,0.8499999999999999,3,8,3,1500,True,100,0.2
406,0.1,0.8499999999999999,3,7,3,1500,True,100,0.2
405,0.1,0.8499999999999999,3,4,3,1500,True,100,0.2
404,0.1,0.7999999999999999,3,8,3,1500,True,100,0.2
403,0.1,0.8499999999999999,3,2,3,1500,True,100,0.2
402,0.1,0.8499999999999999,3,2,3,1500,True,100,0.2
401,0.1,0.7999999999999999,3,5,3,1500,True,100,0.2
400,0.1,0.8499999999999999,3,7,3,1500,True,100,0.2
399,0.1,0.8499999999999999,3,8,3,1500,True,100,0.2
398,0.1,0.7999999999999999,3,12,3,1500,True,100,0.2
397,0.1,0.8499999999999999,3,5,3,1500,True,100,0.2
396,0.1,0.7999999999999999,3,5,3,1500,True,100,0.2
395,0.1,0.7999999999999999,3,5,3,1500,True,100,0.2
394,0.1,0.7999999999999999,3,7,3,1500,True,100,0.2
393,0.1,0.7999999999999999,3,6,3,1500,True,100,0.2
392,0.1,0.7999999999999999,3,7,3,1500,True,100,0.2
391,0.1,0.7999999999999999,3,7,3,1500,True,100,0.2
390,0.1,0.7999999999999999,3,8,3,1500,True,100,0.2
389,0.1,0.7999999999999999,3,1,3,1500,True,100,0.2
388,0.1,0.7999999999999999,3,6,3,1500,True,100,0.2
387,0.1,0.7999999999999999,3,11,3,1500,True,100,0.2
386,0.1,0.7999999999999999,3,11,3,1500,True,100,0.2
409,0.1,0.8499999999999999,3,6,3,1500,True,100,0.2
410,0.1,0.8499999999999999,3,5,3,1500,True,100,0.2
411,0.1,0.8499999999999999,3,6,3,1500,True,100,0.2
412,0.1,0.8499999999999999,3,7,3,1500,True,100,0.2
436,0.1,0.8999999999999999,3,1,3,1500,True,100,0.2
435,0.1,0.8999999999999999,3,2,3,1500,True,100,0.2
434,0.1,0.8999999999999999,3,8,3,1500,True,100,0.2
433,0.1,0.8999999999999999,3,4,3,1500,True,100,0.2
432,0.1,0.8999999999999999,3,7,3,1500,True,100,0.2
431,0.1,0.8999999999999999,3,3,3,1500,True,100,0.2
430,0.1,0.8999999999999999,3,3,3,1500,True,100,0.2
429,0.1,0.8999999999999999,3,4,3,1500,True,100,0.2
428,0.1,0.8999999999999999,3,4,3,1500,True,100,0.2
427,0.1,0.8999999999999999,3,7,3,1500,True,100,0.2
426,0.1,0.8999999999999999,3,2,3,1500,True,100,0.2
385,0.1,0.7999999999999999,3,3,3,1500,True,100,0.2
425,0.1,0.8999999999999999,3,4,3,1500,True,100,0.2
423,0.1,0.8999999999999999,3,4,3,1500,True,100,0.2
422,0.1,0.8999999999999999,3,2,3,1500,True,100,0.2
421,0.1,0.8999999999999999,3,7,3,1500,True,100,0.2
420,0.1,0.8499999999999999,3,10,3,1500,True,100,0.2
419,0.1,0.8999999999999999,3,7,3,1500,True,100,0.2
418,0.1,0.8499999999999999,3,6,3,1500,True,100,0.2
417,0.1,0.8499999999999999,3,6,3,1500,True,100,0.2
416,0.1,0.8499999999999999,3,8,3,1500,True,100,0.2
415,0.1,0.8499999999999999,3,9,3,1500,True,100,0.2
414,0.1,0.8499999999999999,3,9,3,1500,True,100,0.2
413,0.1,0.8499999999999999,3,3,3,1500,True,100,0.2
424,0.1,0.8999999999999999,3,6,3,1500,True,100,0.2
329,0.1,0.6499999999999999,3,6,3,1500,True,100,0.2
384,0.1,0.7999999999999999,3,3,3,1500,True,100,0.2
382,0.1,0.7999999999999999,3,9,3,1500,True,100,0.2
353,0.1,0.7,3,9,3,1500,True,100,0.2
352,0.1,0.7,3,11,3,1500,True,100,0.2
351,0.1,0.7,3,10,3,1500,True,100,0.2
350,0.1,0.7,3,11,3,1500,True,100,0.2
349,0.1,0.7,3,9,3,1500,True,100,0.2
348,0.1,0.7,3,9,3,1500,True,100,0.2
347,0.1,0.7,3,6,3,1500,True,100,0.2
346,0.1,0.7,3,9,3,1500,True,100,0.2
345,0.1,0.6499999999999999,3,2,3,1500,True,100,0.2
344,0.1,0.7,3,5,3,1500,True,100,0.2
343,0.1,0.7,3,9,3,1500,True,100,0.2
342,0.1,0.7,3,10,3,1500,True,100,0.2
341,0.1,0.6499999999999999,3,9,3,1500,True,100,0.2
340,0.1,0.7,3,14,3,1500,True,100,0.2
339,0.1,0.7,3,8,3,1500,True,100,0.2
338,0.1,0.7,3,8,3,1500,True,100,0.2
337,0.1,0.6499999999999999,3,3,3,1500,True,100,0.2
336,0.1,0.6499999999999999,3,4,3,1500,True,100,0.2
335,0.1,0.6499999999999999,3,9,3,1500,True,100,0.2
334,0.1,0.6499999999999999,3,6,3,1500,True,100,0.2
333,0.1,0.6499999999999999,3,6,3,1500,True,100,0.2
332,0.1,0.6499999999999999,3,8,3,1500,True,100,0.2
331,0.1,0.6499999999999999,3,4,3,1500,True,100,0.2
354,0.1,0.7,3,6,3,1500,True,100,0.2
355,0.1,0.7,3,8,3,1500,True,100,0.2
356,0.1,0.75,3,8,3,1500,True,100,0.2
357,0.1,0.7,3,7,3,1500,True,100,0.2
381,0.1,0.7999999999999999,3,7,3,1500,True,100,0.2
380,0.1,0.7999999999999999,3,10,3,1500,True,100,0.2
379,0.1,0.7999999999999999,3,5,3,1500,True,100,0.2
378,0.1,0.75,3,4,3,1500,True,100,0.2
377,0.1,0.75,3,9,3,1500,True,100,0.2
376,0.1,0.75,3,7,3,1500,True,100,0.2
375,0.1,0.75,3,10,3,1500,True,100,0.2
374,0.1,0.75,3,7,3,1500,True,100,0.2
373,0.1,0.75,3,10,3,1500,True,100,0.2
372,0.1,0.75,3,7,3,1500,True,100,0.2
371,0.1,0.75,3,8,3,1500,True,100,0.2
383,0.1,0.75,3,7,3,1500,True,100,0.2
370,0.1,0.75,3,9,3,1500,True,100,0.2
368,0.1,0.75,3,7,3,1500,True,100,0.2
367,0.1,0.75,3,7,3,1500,True,100,0.2
366,0.1,0.75,3,5,3,1500,True,100,0.2
365,0.1,0.75,3,7,3,1500,True,100,0.2
364,0.1,0.75,3,8,3,1500,True,100,0.2
363,0.1,0.75,3,5,3,1500,True,100,0.2
362,0.1,0.75,3,4,3,1500,True,100,0.2
361,0.1,0.7,3,5,3,1500,True,100,0.2
360,0.1,0.7,3,7,3,1500,True,100,0.2
359,0.1,0.7,3,9,3,1500,True,100,0.2
358,0.1,0.75,3,10,3,1500,True,100,0.2
369,0.1,0.75,3,9,3,1500,True,100,0.2
437,0.1,0.8999999999999999,3,5,3,1500,True,100,0.2
219,0.05,0.8999999999999999,3,11,3,1500,True,100,0.2
217,0.05,0.8999999999999999,3,14,3,1500,True,100,0.2
78,0.05,0.55,3,3,3,1500,True,100,0.2
77,0.05,0.55,3,2,3,1500,True,100,0.2
76,0.05,0.55,3,2,3,1500,True,100,0.2
75,0.05,0.55,3,2,3,1500,True,100,0.2
74,0.05,0.55,3,3,3,1500,True,100,0.2
73,0.05,0.55,3,2,3,1500,True,100,0.2
72,0.05,0.55,3,2,3,1500,True,100,0.2
71,0.05,0.55,3,2,3,1500,True,100,0.2
70,0.05,0.55,3,2,3,1500,True,100,0.2
69,0.05,0.55,3,2,3,1500,True,100,0.2
68,0.05,0.55,3,2,3,1500,True,100,0.2
67,0.05,0.55,3,2,3,1500,True,100,0.2
66,0.05,0.55,3,2,3,1500,True,100,0.2
65,0.05,0.55,3,2,3,1500,True,100,0.2
64,0.05,0.55,3,3,3,1500,True,100,0.2
63,0.05,0.55,3,2,3,1500,True,100,0.2
62,0.05,0.55,3,2,3,1500,True,100,0.2
61,0.05,0.55,3,2,3,1500,True,100,0.2
60,0.05,0.55,3,2,3,1500,True,100,0.2
59,0.05,0.5,3,2,3,1500,True,100,0.2
58,0.05,0.5,3,2,3,1500,True,100,0.2
57,0.05,0.5,3,2,3,1500,True,100,0.2
56,0.05,0.5,3,2,3,1500,True,100,0.2
79,0.05,0.55,3,2,3,1500,True,100,0.2
80,0.05,0.6,3,3,3,1500,True,100,0.2
81,0.05,0.6,3,2,3,1500,True,100,0.2
82,0.05,0.6,3,3,3,1500,True,100,0.2
106,0.05,0.6499999999999999,3,8,3,1500,True,100,0.2
105,0.05,0.6499999999999999,3,3,3,1500,True,100,0.2
104,0.05,0.6499999999999999,3,6,3,1500,True,100,0.2
103,0.05,0.6499999999999999,3,6,3,1500,True,100,0.2
102,0.05,0.6,3,2,3,1500,True,100,0.2
101,0.05,0.6499999999999999,3,6,3,1500,True,100,0.2
100,0.05,0.6499999999999999,3,7,3,1500,True,100,0.2
99,0.05,0.6,3,2,3,1500,True,100,0.2
98,0.05,0.6,3,2,3,1500,True,100,0.2
97,0.05,0.6499999999999999,3,6,3,1500,True,100,0.2
96,0.05,0.6,3,3,3,1500,True,100,0.2
55,0.05,0.5,3,2,3,1500,True,100,0.2
95,0.05,0.6,3,2,3,1500,True,100,0.2
93,0.05,0.6,3,3,3,1500,True,100,0.2
92,0.05,0.6,3,2,3,1500,True,100,0.2
91,0.05,0.6,3,2,3,1500,True,100,0.2
90,0.05,0.6,3,3,3,1500,True,100,0.2
89,0.05,0.6,3,3,3,1500,True,100,0.2
88,0.05,0.6,3,2,3,1500,True,100,0.2
87,0.05,0.6,3,2,3,1500,True,100,0.2
86,0.05,0.6,3,3,3,1500,True,100,0.2
85,0.05,0.6,3,3,3,1500,True,100,0.2
84,0.05,0.6,3,3,3,1500,True,100,0.2
83,0.05,0.6,3,2,3,1500,True,100,0.2
94,0.05,0.6,3,2,3,1500,True,100,0.2
107,0.05,0.6499999999999999,3,2,3,1500,True,100,0.2
54,0.05,0.5,3,2,3,1500,True,100,0.2
52,0.05,0.5,3,2,3,1500,True,100,0.2
23,0.05,0.45,3,2,3,1500,True,100,0.2
22,0.05,0.45,3,2,3,1500,True,100,0.2
21,0.05,0.45,3,2,3,1500,True,100,0.2
20,0.05,0.45,3,2,3,1500,True,100,0.2
19,0.05,0.4,3,2,3,1500,True,100,0.2
18,0.05,0.4,3,2,3,1500,True,100,0.2
17,0.05,0.4,3,2,3,1500,True,100,0.2
16,0.05,0.4,3,2,3,1500,True,100,0.2
15,0.05,0.4,3,2,3,1500,True,100,0.2
14,0.05,0.4,3,2,3,1500,True,100,0.2
13,0.05,0.4,3,2,3,1500,True,100,0.2
12,0.05,0.4,3,2,3,1500,True,100,0.2
11,0.05,0.4,3,2,3,1500,True,100,0.2
10,0.05,0.4,3,2,3,1500,True,100,0.2
9,0.05,0.4,3,2,3,1500,True,100,0.2
8,0.05,0.4,3,2,3,1500,True,100,0.2
7,0.05,0.4,3,2,3,1500,True,100,0.2
6,0.05,0.4,3,2,3,1500,True,100,0.2
5,0.05,0.4,3,2,3,1500,True,100,0.2
4,0.05,0.4,3,2,3,1500,True,100,0.2
3,0.05,0.4,3,2,3,1500,True,100,0.2
2,0.05,0.4,3,2,3,1500,True,100,0.2
1,0.05,0.4,3,2,3,1500,True,100,0.2
24,0.05,0.45,3,2,3,1500,True,100,0.2
25,0.05,0.45,3,2,3,1500,True,100,0.2
26,0.05,0.45,3,2,3,1500,True,100,0.2
27,0.05,0.45,3,2,3,1500,True,100,0.2
51,0.05,0.5,3,2,3,1500,True,100,0.2
50,0.05,0.5,3,2,3,1500,True,100,0.2
49,0.05,0.5,3,2,3,1500,True,100,0.2
48,0.05,0.5,3,3,3,1500,True,100,0.2
47,0.05,0.5,3,2,3,1500,True,100,0.2
46,0.05,0.5,3,2,3,1500,True,100,0.2
45,0.05,0.5,3,2,3,1500,True,100,0.2
44,0.05,0.5,3,2,3,1500,True,100,0.2
43,0.05,0.5,3,2,3,1500,True,100,0.2
42,0.05,0.5,3,2,3,1500,True,100,0.2
41,0.05,0.5,3,2,3,1500,True,100,0.2
53,0.05,0.5,3,2,3,1500,True,100,0.2
40,0.05,0.45,3,2,3,1500,True,100,0.2
38,0.05,0.5,3,2,3,1500,True,100,0.2
37,0.05,0.45,3,2,3,1500,True,100,0.2
36,0.05,0.45,3,2,3,1500,True,100,0.2
35,0.05,0.45,3,2,3,1500,True,100,0.2
34,0.05,0.45,3,2,3,1500,True,100,0.2
33,0.05,0.45,3,2,3,1500,True,100,0.2
32,0.05,0.45,3,2,3,1500,True,100,0.2
31,0.05,0.45,3,2,3,1500,True,100,0.2
30,0.05,0.45,3,2,3,1500,True,100,0.2
29,0.05,0.45,3,2,3,1500,True,100,0.2
28,0.05,0.45,3,2,3,1500,True,100,0.2
39,0.05,0.45,3,2,3,1500,True,100,0.2
218,0.1,0.4,3,2,3,1500,True,100,0.2
108,0.05,0.6499999999999999,3,3,3,1500,True,100,0.2
110,0.05,0.6499999999999999,3,8,3,1500,True,100,0.2
188,0.05,0.8499999999999999,3,10,3,1500,True,100,0.2
187,0.05,0.8499999999999999,3,10,3,1500,True,100,0.2
186,0.05,0.8499999999999999,3,8,3,1500,True,100,0.2
185,0.05,0.8499999999999999,3,9,3,1500,True,100,0.2
184,0.05,0.8499999999999999,3,14,3,1500,True,100,0.2
183,0.05,0.7999999999999999,3,12,3,1500,True,100,0.2
182,0.05,0.8499999999999999,3,14,3,1500,True,100,0.2
181,0.05,0.8499999999999999,3,11,3,1500,True,100,0.2
180,0.05,0.8499999999999999,3,11,3,1500,True,100,0.2
179,0.05,0.8499999999999999,3,6,3,1500,True,100,0.2
178,0.05,0.7999999999999999,3,10,3,1500,True,100,0.2
177,0.05,0.7999999999999999,3,7,3,1500,True,100,0.2
176,0.05,0.7999999999999999,3,10,3,1500,True,100,0.2
175,0.05,0.7999999999999999,3,11,3,1500,True,100,0.2
174,0.05,0.7999999999999999,3,12,3,1500,True,100,0.2
173,0.05,0.7999999999999999,3,13,3,1500,True,100,0.2
172,0.05,0.7999999999999999,3,11,3,1500,True,100,0.2
171,0.05,0.7999999999999999,3,12,3,1500,True,100,0.2
170,0.05,0.7999999999999999,3,12,3,1500,True,100,0.2
169,0.05,0.7999999999999999,3,15,3,1500,True,100,0.2
168,0.05,0.7999999999999999,3,7,3,1500,True,100,0.2
167,0.05,0.7999999999999999,3,9,3,1500,True,100,0.2
166,0.05,0.7999999999999999,3,14,3,1500,True,100,0.2
189,0.05,0.8499999999999999,3,14,3,1500,True,100,0.2
190,0.05,0.8499999999999999,3,15,3,1500,True,100,0.2
191,0.05,0.8499999999999999,3,19,3,1500,True,100,0.2
192,0.05,0.8499999999999999,3,11,3,1500,True,100,0.2
216,0.05,0.8999999999999999,3,15,3,1500,True,100,0.2
215,0.05,0.8999999999999999,3,12,3,1500,True,100,0.2
214,0.05,0.8999999999999999,3,14,3,1500,True,100,0.2
213,0.05,0.8999999999999999,3,16,3,1500,True,100,0.2
212,0.05,0.8999999999999999,3,8,3,1500,True,100,0.2
211,0.05,0.8999999999999999,3,13,3,1500,True,100,0.2
210,0.05,0.8999999999999999,3,16,3,1500,True,100,0.2
209,0.05,0.8999999999999999,3,12,3,1500,True,100,0.2
208,0.05,0.8999999999999999,3,11,3,1500,True,100,0.2
207,0.05,0.8999999999999999,3,8,3,1500,True,100,0.2
206,0.05,0.8999999999999999,3,14,3,1500,True,100,0.2
165,0.05,0.7999999999999999,3,12,3,1500,True,100,0.2
205,0.05,0.8999999999999999,3,11,3,1500,True,100,0.2
203,0.05,0.8999999999999999,3,10,3,1500,True,100,0.2
202,0.05,0.8999999999999999,3,10,3,1500,True,100,0.2
201,0.05,0.8999999999999999,3,11,3,1500,True,100,0.2
200,0.05,0.8499999999999999,3,9,3,1500,True,100,0.2
199,0.05,0.8999999999999999,3,6,3,1500,True,100,0.2
198,0.05,0.8499999999999999,3,7,3,1500,True,100,0.2
197,0.05,0.8499999999999999,3,12,3,1500,True,100,0.2
196,0.05,0.8499999999999999,3,12,3,1500,True,100,0.2
195,0.05,0.8499999999999999,3,10,3,1500,True,100,0.2
194,0.05,0.8499999999999999,3,14,3,1500,True,100,0.2
193,0.05,0.8499999999999999,3,14,3,1500,True,100,0.2
204,0.05,0.8999999999999999,3,13,3,1500,True,100,0.2
109,0.05,0.6499999999999999,3,4,3,1500,True,100,0.2
164,0.05,0.7999999999999999,3,12,3,1500,True,100,0.2
162,0.05,0.7999999999999999,3,13,3,1500,True,100,0.2
133,0.05,0.7,3,5,3,1500,True,100,0.2
132,0.05,0.7,3,13,3,1500,True,100,0.2
131,0.05,0.7,3,6,3,1500,True,100,0.2
130,0.05,0.7,3,5,3,1500,True,100,0.2
129,0.05,0.7,3,10,3,1500,True,100,0.2
128,0.05,0.7,3,7,3,1500,True,100,0.2
127,0.05,0.7,3,7,3,1500,True,100,0.2
126,0.05,0.7,3,4,3,1500,True,100,0.2
125,0.05,0.7,3,16,3,1500,True,100,0.2
124,0.05,0.7,3,7,3,1500,True,100,0.2
123,0.05,0.7,3,4,3,1500,True,100,0.2
122,0.05,0.7,3,4,3,1500,True,100,0.2
121,0.05,0.7,3,10,3,1500,True,100,0.2
120,0.05,0.7,3,6,3,1500,True,100,0.2
119,0.05,0.6499999999999999,3,4,3,1500,True,100,0.2
118,0.05,0.6499999999999999,3,4,3,1500,True,100,0.2
117,0.05,0.6499999999999999,3,5,3,1500,True,100,0.2
116,0.05,0.6499999999999999,3,3,3,1500,True,100,0.2
115,0.05,0.6499999999999999,3,4,3,1500,True,100,0.2
114,0.05,0.6499999999999999,3,6,3,1500,True,100,0.2
113,0.05,0.6499999999999999,3,6,3,1500,True,100,0.2
112,0.05,0.6499999999999999,3,5,3,1500,True,100,0.2
111,0.05,0.6499999999999999,3,2,3,1500,True,100,0.2
134,0.05,0.7,3,10,3,1500,True,100,0.2
135,0.05,0.7,3,5,3,1500,True,100,0.2
136,0.05,0.7,3,10,3,1500,True,100,0.2
137,0.05,0.7,3,7,3,1500,True,100,0.2
161,0.05,0.75,3,5,3,1500,True,100,0.2
160,0.05,0.7999999999999999,3,11,3,1500,True,100,0.2
159,0.05,0.75,3,8,3,1500,True,100,0.2
158,0.05,0.7999999999999999,3,15,3,1500,True,100,0.2
157,0.05,0.75,3,9,3,1500,True,100,0.2
156,0.05,0.75,3,17,3,1500,True,100,0.2
155,0.05,0.75,3,8,3,1500,True,100,0.2
154,0.05,0.75,3,10,3,1500,True,100,0.2
153,0.05,0.75,3,8,3,1500,True,100,0.2
152,0.05,0.75,3,10,3,1500,True,100,0.2
151,0.05,0.75,3,12,3,1500,True,100,0.2
163,0.05,0.7999999999999999,3,12,3,1500,True,100,0.2
150,0.05,0.75,3,11,3,1500,True,100,0.2
148,0.05,0.75,3,15,3,1500,True,100,0.2
147,0.05,0.75,3,6,3,1500,True,100,0.2
146,0.05,0.75,3,6,3,1500,True,100,0.2
145,0.05,0.75,3,12,3,1500,True,100,0.2
144,0.05,0.75,3,9,3,1500,True,100,0.2
143,0.05,0.75,3,5,3,1500,True,100,0.2
142,0.05,0.75,3,13,3,1500,True,100,0.2
141,0.05,0.75,3,10,3,1500,True,100,0.2
140,0.05,0.75,3,7,3,1500,True,100,0.2
139,0.05,0.7,3,12,3,1500,True,100,0.2
138,0.05,0.7,3,7,3,1500,True,100,0.2
149,0.05,0.75,3,9,3,1500,True,100,0.2
438,0.1,0.8999999999999999,3,3,3,1500,True,100,0.2
439,0.1,0.8999999999999999,3,5,3,1500,True,100,0.2
440,0.15000000000000002,0.4,3,2,3,1500,True,100,0.2
739,0.2,0.6,3,4,3,1500,True,100,0.2
738,0.2,0.6,3,4,3,1500,True,100,0.2
737,0.2,0.6,3,3,3,1500,True,100,0.2
736,0.2,0.6,3,3,3,1500,True,100,0.2
735,0.2,0.6,3,5,3,1500,True,100,0.2
734,0.2,0.55,3,2,3,1500,True,100,0.2
733,0.2,0.55,3,2,3,1500,True,100,0.2
732,0.2,0.55,3,2,3,1500,True,100,0.2
731,0.2,0.55,3,2,3,1500,True,100,0.2
730,0.2,0.55,3,2,3,1500,True,100,0.2
729,0.2,0.55,3,3,3,1500,True,100,0.2
728,0.2,0.55,3,2,3,1500,True,100,0.2
727,0.2,0.55,3,2,3,1500,True,100,0.2
726,0.2,0.55,3,2,3,1500,True,100,0.2
725,0.2,0.55,3,2,3,1500,True,100,0.2
724,0.2,0.55,3,2,3,1500,True,100,0.2
723,0.2,0.55,3,2,3,1500,True,100,0.2
722,0.2,0.5,3,2,3,1500,True,100,0.2
721,0.2,0.55,3,2,3,1500,True,100,0.2
720,0.2,0.5,3,2,3,1500,True,100,0.2
719,0.2,0.5,3,2,3,1500,True,100,0.2
718,0.2,0.5,3,2,3,1500,True,100,0.2
717,0.2,0.55,3,2,3,1500,True,100,0.2
740,0.2,0.6,3,7,3,1500,True,100,0.2
741,0.2,0.6,3,7,3,1500,True,100,0.2
742,0.2,0.6,3,4,3,1500,True,100,0.2
743,0.2,0.55,3,2,3,1500,True,100,0.2
767,0.2,0.6499999999999999,3,3,3,1500,True,100,0.2
766,0.2,0.6499999999999999,3,2,3,1500,True,100,0.2
765,0.2,0.6499999999999999,3,3,3,1500,True,100,0.2
764,0.2,0.55,3,2,3,1500,True,100,0.2
763,0.2,0.6499999999999999,3,6,3,1500,True,100,0.2
762,0.2,0.6499999999999999,3,3,3,1500,True,100,0.2
761,0.2,0.6499999999999999,3,4,3,1500,True,100,0.2
760,0.2,0.6499999999999999,3,5,3,1500,True,100,0.2
759,0.2,0.6499999999999999,3,1,3,1500,True,100,0.2
758,0.2,0.6499999999999999,3,1,3,1500,True,100,0.2
757,0.2,0.6499999999999999,3,3,3,1500,True,100,0.2
716,0.2,0.55,3,2,3,1500,True,100,0.2
756,0.2,0.6,3,5,3,1500,True,100,0.2
754,0.2,0.6,3,5,3,1500,True,100,0.2
753,0.2,0.55,3,2,3,1500,True,100,0.2
752,0.2,0.55,3,11,3,1500,True,100,0.2
751,0.2,0.6,3,4,3,1500,True,100,0.2
750,0.2,0.55,3,5,3,1500,True,100,0.2
749,0.2,0.6,3,4,3,1500,True,100,0.2
748,0.2,0.6,3,4,3,1500,True,100,0.2
747,0.2,0.6,3,5,3,1500,True,100,0.2
746,0.2,0.6,3,4,3,1500,True,100,0.2
745,0.2,0.6,3,2,3,1500,True,100,0.2
744,0.2,0.6,3,5,3,1500,True,100,0.2
755,0.2,0.6,3,3,3,1500,True,100,0.2
768,0.2,0.6499999999999999,3,3,3,1500,True,100,0.2
715,0.2,0.5,3,2,3,1500,True,100,0.2
713,0.2,0.5,3,2,3,1500,True,100,0.2
684,0.2,0.45,3,2,3,1500,True,100,0.2
683,0.2,0.45,3,2,3,1500,True,100,0.2
682,0.2,0.4,3,2,3,1500,True,100,0.2
681,0.2,0.45,3,2,3,1500,True,100,0.2
680,0.2,0.4,3,2,3,1500,True,100,0.2
679,0.2,0.45,3,2,3,1500,True,100,0.2
678,0.2,0.45,3,2,3,1500,True,100,0.2
677,0.2,0.4,3,2,3,1500,True,100,0.2
676,0.2,0.4,3,2,3,1500,True,100,0.2
675,0.2,0.4,3,2,3,1500,True,100,0.2
674,0.2,0.4,3,2,3,1500,True,100,0.2
673,0.2,0.4,3,2,3,1500,True,100,0.2
672,0.2,0.4,3,2,3,1500,True,100,0.2
671,0.2,0.4,3,2,3,1500,True,100,0.2
670,0.2,0.4,3,2,3,1500,True,100,0.2
669,0.2,0.4,3,2,3,1500,True,100,0.2
668,0.2,0.4,3,2,3,1500,True,100,0.2
667,0.2,0.4,3,2,3,1500,True,100,0.2
666,0.2,0.4,3,2,3,1500,True,100,0.2
665,0.2,0.4,3,2,3,1500,True,100,0.2
664,0.2,0.4,3,2,3,1500,True,100,0.2
663,0.2,0.4,3,2,3,1500,True,100,0.2
662,0.2,0.4,3,2,3,1500,True,100,0.2
685,0.2,0.45,3,3,3,1500,True,100,0.2
686,0.2,0.45,3,2,3,1500,True,100,0.2
687,0.2,0.45,3,2,3,1500,True,100,0.2
688,0.2,0.45,3,2,3,1500,True,100,0.2
712,0.2,0.5,3,2,3,1500,True,100,0.2
711,0.2,0.5,3,2,3,1500,True,100,0.2
710,0.2,0.5,3,2,3,1500,True,100,0.2
709,0.2,0.5,3,2,3,1500,True,100,0.2
708,0.2,0.5,3,2,3,1500,True,100,0.2
707,0.2,0.5,3,2,3,1500,True,100,0.2
706,0.2,0.5,3,2,3,1500,True,100,0.2
705,0.2,0.5,3,2,3,1500,True,100,0.2
704,0.2,0.5,3,2,3,1500,True,100,0.2
703,0.2,0.5,3,2,3,1500,True,100,0.2
702,0.2,0.5,3,2,3,1500,True,100,0.2
714,0.2,0.5,3,2,3,1500,True,100,0.2
701,0.2,0.5,3,2,3,1500,True,100,0.2
699,0.2,0.45,3,2,3,1500,True,100,0.2
698,0.2,0.45,3,2,3,1500,True,100,0.2
697,0.2,0.45,3,2,3,1500,True,100,0.2
696,0.2,0.45,3,2,3,1500,True,100,0.2
695,0.2,0.45,3,2,3,1500,True,100,0.2
694,0.2,0.45,3,2,3,1500,True,100,0.2
693,0.2,0.45,3,2,3,1500,True,100,0.2
692,0.2,0.45,3,2,3,1500,True,100,0.2
691,0.2,0.45,3,2,3,1500,True,100,0.2
690,0.2,0.45,3,2,3,1500,True,100,0.2
689,0.2,0.45,3,2,3,1500,True,100,0.2
700,0.2,0.5,3,2,3,1500,True,100,0.2
661,0.2,0.4,3,2,3,1500,True,100,0.2
769,0.2,0.6499999999999999,3,3,3,1500,True,100,0.2
771,0.2,0.6499999999999999,3,5,3,1500,True,100,0.2
849,0.2,0.8499999999999999,3,1,3,1500,True,100,0.2
848,0.2,0.8499999999999999,3,1,3,1500,True,100,0.2
847,0.2,0.8499999999999999,3,2,3,1500,True,100,0.2
846,0.2,0.8499999999999999,3,2,3,1500,True,100,0.2
845,0.2,0.8499999999999999,3,2,3,1500,True,100,0.2
844,0.2,0.8499999999999999,3,2,3,1500,True,100,0.2
843,0.2,0.8499999999999999,3,5,3,1500,True,100,0.2
842,0.2,0.8499999999999999,3,1,3,1500,True,100,0.2
841,0.2,0.8499999999999999,3,1,3,1500,True,100,0.2
840,0.2,0.7999999999999999,3,3,3,1500,True,100,0.2
839,0.2,0.7999999999999999,3,2,3,1500,True,100,0.2
838,0.2,0.8499999999999999,3,2,3,1500,True,100,0.2
837,0.2,0.7999999999999999,3,3,3,1500,True,100,0.2
836,0.2,0.7999999999999999,3,2,3,1500,True,100,0.2
835,0.2,0.7999999999999999,3,1,3,1500,True,100,0.2
834,0.2,0.7999999999999999,3,1,3,1500,True,100,0.2
833,0.2,0.7999999999999999,3,1,3,1500,True,100,0.2
832,0.2,0.7999999999999999,3,1,3,1500,True,100,0.2
831,0.2,0.7999999999999999,3,1,3,1500,True,100,0.2
830,0.2,0.7999999999999999,3,2,3,1500,True,100,0.2
829,0.2,0.7999999999999999,3,4,3,1500,True,100,0.2
828,0.2,0.7999999999999999,3,3,3,1500,True,100,0.2
827,0.2,0.7999999999999999,3,3,3,1500,True,100,0.2
850,0.2,0.8499999999999999,3,1,3,1500,True,100,0.2
851,0.2,0.8499999999999999,3,1,3,1500,True,100,0.2
852,0.2,0.8499999999999999,3,1,3,1500,True,100,0.2
853,0.2,0.8499999999999999,3,4,3,1500,True,100,0.2
877,0.2,0.8999999999999999,3,3,3,1500,True,100,0.2
876,0.2,0.8999999999999999,3,2,3,1500,True,100,0.2
875,0.2,0.8999999999999999,3,3,3,1500,True,100,0.2
874,0.2,0.8999999999999999,3,4,3,1500,True,100,0.2
873,0.2,0.8999999999999999,3,2,3,1500,True,100,0.2
872,0.2,0.8999999999999999,3,1,3,1500,True,100,0.2
871,0.2,0.8999999999999999,3,1,3,1500,True,100,0.2
870,0.2,0.8999999999999999,3,1,3,1500,True,100,0.2
869,0.2,0.8999999999999999,3,3,3,1500,True,100,0.2
868,0.2,0.8999999999999999,3,1,3,1500,True,100,0.2
867,0.2,0.8999999999999999,3,2,3,1500,True,100,0.2
826,0.2,0.7999999999999999,3,1,3,1500,True,100,0.2
866,0.2,0.8999999999999999,3,2,3,1500,True,100,0.2
864,0.2,0.8999999999999999,3,2,3,1500,True,100,0.2
863,0.2,0.8999999999999999,3,2,3,1500,True,100,0.2
862,0.2,0.8999999999999999,3,1,3,1500,True,100,0.2
861,0.2,0.8999999999999999,3,1,3,1500,True,100,0.2
860,0.2,0.8499999999999999,3,2,3,1500,True,100,0.2
859,0.2,0.8999999999999999,3,2,3,1500,True,100,0.2
858,0.2,0.8499999999999999,3,3,3,1500,True,100,0.2
857,0.2,0.8499999999999999,3,1,3,1500,True,100,0.2
856,0.2,0.8499999999999999,3,3,3,1500,True,100,0.2
855,0.2,0.8499999999999999,3,3,3,1500,True,100,0.2
854,0.2,0.8499999999999999,3,2,3,1500,True,100,0.2
865,0.2,0.8999999999999999,3,1,3,1500,True,100,0.2
770,0.2,0.6499999999999999,3,4,3,1500,True,100,0.2
825,0.2,0.7999999999999999,3,3,3,1500,True,100,0.2
823,0.2,0.7999999999999999,3,2,3,1500,True,100,0.2
794,0.2,0.7,3,3,3,1500,True,100,0.2
793,0.2,0.7,3,4,3,1500,True,100,0.2
792,0.2,0.7,3,2,3,1500,True,100,0.2
791,0.2,0.7,3,4,3,1500,True,100,0.2
790,0.2,0.7,3,2,3,1500,True,100,0.2
789,0.2,0.7,3,5,3,1500,True,100,0.2
788,0.2,0.7,3,6,3,1500,True,100,0.2
787,0.2,0.7,3,2,3,1500,True,100,0.2
786,0.2,0.7,3,2,3,1500,True,100,0.2
785,0.2,0.6,3,2,3,1500,True,100,0.2
784,0.2,0.7,3,6,3,1500,True,100,0.2
783,0.2,0.7,3,3,3,1500,True,100,0.2
782,0.2,0.7,3,3,3,1500,True,100,0.2
781,0.2,0.7,3,3,3,1500,True,100,0.2
780,0.2,0.7,3,4,3,1500,True,100,0.2
779,0.2,0.7,3,5,3,1500,True,100,0.2
778,0.2,0.7,3,4,3,1500,True,100,0.2
777,0.2,0.6499999999999999,3,1,3,1500,True,100,0.2
776,0.2,0.6499999999999999,3,4,3,1500,True,100,0.2
775,0.2,0.6499999999999999,3,5,3,1500,True,100,0.2
774,0.2,0.6499999999999999,3,2,3,1500,True,100,0.2
773,0.2,0.6499999999999999,3,2,3,1500,True,100,0.2
772,0.2,0.6499999999999999,3,4,3,1500,True,100,0.2
795,0.2,0.6,3,2,3,1500,True,100,0.2
796,0.2,0.7,3,3,3,1500,True,100,0.2
797,0.2,0.7,3,3,3,1500,True,100,0.2
798,0.2,0.7,3,5,3,1500,True,100,0.2
822,0.2,0.7999999999999999,3,1,3,1500,True,100,0.2
821,0.2,0.7999999999999999,3,3,3,1500,True,100,0.2
820,0.2,0.7999999999999999,3,3,3,1500,True,100,0.2
819,0.2,0.75,3,1,3,1500,True,100,0.2
818,0.2,0.75,3,3,3,1500,True,100,0.2
817,0.2,0.75,3,2,3,1500,True,100,0.2
816,0.2,0.75,3,3,3,1500,True,100,0.2
815,0.2,0.75,3,1,3,1500,True,100,0.2
814,0.2,0.75,3,3,3,1500,True,100,0.2
813,0.2,0.75,3,3,3,1500,True,100,0.2
812,0.2,0.75,3,5,3,1500,True,100,0.2
824,0.2,0.7999999999999999,3,4,3,1500,True,100,0.2
811,0.2,0.75,3,3,3,1500,True,100,0.2
809,0.2,0.75,3,1,3,1500,True,100,0.2
808,0.2,0.75,3,3,3,1500,True,100,0.2
807,0.2,0.75,3,4,3,1500,True,100,0.2
806,0.2,0.75,3,4,3,1500,True,100,0.2
805,0.2,0.75,3,3,3,1500,True,100,0.2
804,0.2,0.75,3,1,3,1500,True,100,0.2
803,0.2,0.75,3,5,3,1500,True,100,0.2
802,0.2,0.7,3,4,3,1500,True,100,0.2
801,0.2,0.75,3,3,3,1500,True,100,0.2
800,0.2,0.75,3,3,3,1500,True,100,0.2
799,0.2,0.75,3,1,3,1500,True,100,0.2
810,0.2,0.75,3,1,3,1500,True,100,0.2
660,0.2,0.4,3,2,3,1500,True,100,0.2
659,0.15000000000000002,0.8999999999999999,3,4,3,1500,True,100,0.2
658,0.15000000000000002,0.8999999999999999,3,3,3,1500,True,100,0.2
518,0.15000000000000002,0.6,3,6,3,1500,True,100,0.2
517,0.15000000000000002,0.6,3,5,3,1500,True,100,0.2
516,0.15000000000000002,0.55,3,2,3,1500,True,100,0.2
515,0.15000000000000002,0.55,3,2,3,1500,True,100,0.2
514,0.15000000000000002,0.55,3,2,3,1500,True,100,0.2
513,0.15000000000000002,0.55,3,2,3,1500,True,100,0.2
512,0.15000000000000002,0.55,3,2,3,1500,True,100,0.2
511,0.15000000000000002,0.55,3,2,3,1500,True,100,0.2
510,0.15000000000000002,0.55,3,2,3,1500,True,100,0.2
509,0.15000000000000002,0.55,3,3,3,1500,True,100,0.2
508,0.15000000000000002,0.55,3,2,3,1500,True,100,0.2
507,0.15000000000000002,0.55,3,3,3,1500,True,100,0.2
506,0.15000000000000002,0.55,3,2,3,1500,True,100,0.2
505,0.15000000000000002,0.55,3,2,3,1500,True,100,0.2
504,0.15000000000000002,0.55,3,2,3,1500,True,100,0.2
503,0.15000000000000002,0.55,3,3,3,1500,True,100,0.2
502,0.15000000000000002,0.55,3,2,3,1500,True,100,0.2
501,0.15000000000000002,0.55,3,2,3,1500,True,100,0.2
500,0.15000000000000002,0.5,3,2,3,1500,True,100,0.2
499,0.15000000000000002,0.55,3,2,3,1500,True,100,0.2
498,0.15000000000000002,0.5,3,2,3,1500,True,100,0.2
497,0.15000000000000002,0.5,3,2,3,1500,True,100,0.2
496,0.15000000000000002,0.5,3,2,3,1500,True,100,0.2
519,0.15000000000000002,0.6,3,2,3,1500,True,100,0.2
520,0.15000000000000002,0.55,3,2,3,1500,True,100,0.2
521,0.15000000000000002,0.6,3,2,3,1500,True,100,0.2
522,0.15000000000000002,0.6,3,6,3,1500,True,100,0.2
546,0.15000000000000002,0.6499999999999999,3,4,3,1500,True,100,0.2
545,0.15000000000000002,0.6499999999999999,3,6,3,1500,True,100,0.2
544,0.15000000000000002,0.6499999999999999,3,5,3,1500,True,100,0.2
543,0.15000000000000002,0.6,3,2,3,1500,True,100,0.2
542,0.15000000000000002,0.6499999999999999,3,5,3,1500,True,100,0.2
541,0.15000000000000002,0.6,3,2,3,1500,True,100,0.2
540,0.15000000000000002,0.6,3,2,3,1500,True,100,0.2
539,0.15000000000000002,0.6499999999999999,3,7,3,1500,True,100,0.2
538,0.15000000000000002,0.6499999999999999,3,7,3,1500,True,100,0.2
537,0.15000000000000002,0.6499999999999999,3,5,3,1500,True,100,0.2
536,0.15000000000000002,0.6499999999999999,3,7,3,1500,True,100,0.2
495,0.15000000000000002,0.5,3,2,3,1500,True,100,0.2
535,0.15000000000000002,0.6499999999999999,3,8,3,1500,True,100,0.2
533,0.15000000000000002,0.6,3,2,3,1500,True,100,0.2
532,0.15000000000000002,0.6,3,2,3,1500,True,100,0.2
531,0.15000000000000002,0.6,3,5,3,1500,True,100,0.2
530,0.15000000000000002,0.6,3,2,3,1500,True,100,0.2
529,0.15000000000000002,0.6,3,2,3,1500,True,100,0.2
528,0.15000000000000002,0.6,3,2,3,1500,True,100,0.2
527,0.15000000000000002,0.6,3,1,3,1500,True,100,0.2
526,0.15000000000000002,0.6,3,2,3,1500,True,100,0.2
525,0.15000000000000002,0.6,3,2,3,1500,True,100,0.2
524,0.15000000000000002,0.55,3,2,3,1500,True,100,0.2
523,0.15000000000000002,0.55,3,2,3,1500,True,100,0.2
534,0.15000000000000002,0.6,3,2,3,1500,True,100,0.2
547,0.15000000000000002,0.6499999999999999,3,5,3,1500,True,100,0.2
494,0.15000000000000002,0.5,3,2,3,1500,True,100,0.2
492,0.15000000000000002,0.5,3,2,3,1500,True,100,0.2
463,0.15000000000000002,0.45,3,2,3,1500,True,100,0.2
462,0.15000000000000002,0.45,3,2,3,1500,True,100,0.2
461,0.15000000000000002,0.45,3,2,3,1500,True,100,0.2
460,0.15000000000000002,0.4,3,2,3,1500,True,100,0.2
459,0.15000000000000002,0.4,3,2,3,1500,True,100,0.2
458,0.15000000000000002,0.45,3,2,3,1500,True,100,0.2
457,0.15000000000000002,0.4,3,2,3,1500,True,100,0.2
456,0.15000000000000002,0.4,3,2,3,1500,True,100,0.2
455,0.15000000000000002,0.4,3,2,3,1500,True,100,0.2
454,0.15000000000000002,0.4,3,2,3,1500,True,100,0.2
453,0.15000000000000002,0.4,3,2,3,1500,True,100,0.2
452,0.15000000000000002,0.4,3,2,3,1500,True,100,0.2
451,0.15000000000000002,0.4,3,2,3,1500,True,100,0.2
450,0.15000000000000002,0.4,3,2,3,1500,True,100,0.2
449,0.15000000000000002,0.4,3,2,3,1500,True,100,0.2
448,0.15000000000000002,0.4,3,2,3,1500,True,100,0.2
447,0.15000000000000002,0.4,3,2,3,1500,True,100,0.2
446,0.15000000000000002,0.4,3,2,3,1500,True,100,0.2
445,0.15000000000000002,0.4,3,2,3,1500,True,100,0.2
444,0.15000000000000002,0.4,3,2,3,1500,True,100,0.2
443,0.15000000000000002,0.4,3,2,3,1500,True,100,0.2
442,0.15000000000000002,0.4,3,2,3,1500,True,100,0.2
441,0.15000000000000002,0.4,3,2,3,1500,True,100,0.2
464,0.15000000000000002,0.45,3,2,3,1500,True,100,0.2
465,0.15000000000000002,0.45,3,2,3,1500,True,100,0.2
466,0.15000000000000002,0.45,3,2,3,1500,True,100,0.2
467,0.15000000000000002,0.45,3,2,3,1500,True,100,0.2
491,0.15000000000000002,0.5,3,2,3,1500,True,100,0.2
490,0.15000000000000002,0.5,3,2,3,1500,True,100,0.2
489,0.15000000000000002,0.5,3,2,3,1500,True,100,0.2
488,0.15000000000000002,0.5,3,2,3,1500,True,100,0.2
487,0.15000000000000002,0.5,3,2,3,1500,True,100,0.2
486,0.15000000000000002,0.5,3,2,3,1500,True,100,0.2
485,0.15000000000000002,0.5,3,2,3,1500,True,100,0.2
484,0.15000000000000002,0.5,3,2,3,1500,True,100,0.2
483,0.15000000000000002,0.5,3,3,3,1500,True,100,0.2
482,0.15000000000000002,0.5,3,2,3,1500,True,100,0.2
481,0.15000000000000002,0.5,3,2,3,1500,True,100,0.2
493,0.15000000000000002,0.5,3,2,3,1500,True,100,0.2
480,0.15000000000000002,0.5,3,2,3,1500,True,100,0.2
478,0.15000000000000002,0.45,3,2,3,1500,True,100,0.2
477,0.15000000000000002,0.45,3,2,3,1500,True,100,0.2
476,0.15000000000000002,0.45,3,2,3,1500,True,100,0.2
475,0.15000000000000002,0.45,3,2,3,1500,True,100,0.2
474,0.15000000000000002,0.45,3,2,3,1500,True,100,0.2
473,0.15000000000000002,0.45,3,2,3,1500,True,100,0.2
472,0.15000000000000002,0.45,3,3,3,1500,True,100,0.2
471,0.15000000000000002,0.45,3,2,3,1500,True,100,0.2
470,0.15000000000000002,0.45,3,2,3,1500,True,100,0.2
469,0.15000000000000002,0.45,3,3,3,1500,True,100,0.2
468,0.15000000000000002,0.45,3,2,3,1500,True,100,0.2
479,0.15000000000000002,0.45,3,2,3,1500,True,100,0.2
548,0.15000000000000002,0.6499999999999999,3,7,3,1500,True,100,0.2
549,0.15000000000000002,0.6499999999999999,3,5,3,1500,True,100,0.2
550,0.15000000000000002,0.6,3,2,3,1500,True,100,0.2
629,0.15000000000000002,0.8499999999999999,3,6,3,1500,True,100,0.2
628,0.15000000000000002,0.8499999999999999,3,1,3,1500,True,100,0.2
627,0.15000000000000002,0.8499999999999999,3,6,3,1500,True,100,0.2
626,0.15000000000000002,0.8499999999999999,3,4,3,1500,True,100,0.2
625,0.15000000000000002,0.8499999999999999,3,3,3,1500,True,100,0.2
624,0.15000000000000002,0.8499999999999999,3,1,3,1500,True,100,0.2
623,0.15000000000000002,0.8499999999999999,3,4,3,1500,True,100,0.2
622,0.15000000000000002,0.8499999999999999,3,3,3,1500,True,100,0.2
621,0.15000000000000002,0.8499999999999999,3,4,3,1500,True,100,0.2
620,0.15000000000000002,0.8499999999999999,3,5,3,1500,True,100,0.2
619,0.15000000000000002,0.7999999999999999,3,7,3,1500,True,100,0.2
618,0.15000000000000002,0.7999999999999999,3,3,3,1500,True,100,0.2
617,0.15000000000000002,0.7999999999999999,3,3,3,1500,True,100,0.2
616,0.15000000000000002,0.7999999999999999,3,6,3,1500,True,100,0.2
615,0.15000000000000002,0.7999999999999999,3,5,3,1500,True,100,0.2
614,0.15000000000000002,0.7999999999999999,3,4,3,1500,True,100,0.2
613,0.15000000000000002,0.7999999999999999,3,4,3,1500,True,100,0.2
612,0.15000000000000002,0.7999999999999999,3,4,3,1500,True,100,0.2
611,0.15000000000000002,0.7999999999999999,3,4,3,1500,True,100,0.2
610,0.15000000000000002,0.7999999999999999,3,1,3,1500,True,100,0.2
609,0.15000000000000002,0.7999999999999999,3,4,3,1500,True,100,0.2
608,0.15000000000000002,0.7999999999999999,3,1,3,1500,True,100,0.2
607,0.15000000000000002,0.7999999999999999,3,3,3,1500,True,100,0.2
630,0.15000000000000002,0.8499999999999999,3,2,3,1500,True,100,0.2
631,0.15000000000000002,0.8499999999999999,3,6,3,1500,True,100,0.2
632,0.15000000000000002,0.8499999999999999,3,2,3,1500,True,100,0.2
633,0.15000000000000002,0.8499999999999999,3,1,3,1500,True,100,0.2
657,0.15000000000000002,0.8999999999999999,3,3,3,1500,True,100,0.2
656,0.15000000000000002,0.8999999999999999,3,2,3,1500,True,100,0.2
655,0.15000000000000002,0.8999999999999999,3,3,3,1500,True,100,0.2
654,0.15000000000000002,0.8999999999999999,3,1,3,1500,True,100,0.2
653,0.15000000000000002,0.8999999999999999,3,3,3,1500,True,100,0.2
652,0.15000000000000002,0.8999999999999999,3,1,3,1500,True,100,0.2
651,0.15000000000000002,0.8999999999999999,3,2,3,1500,True,100,0.2
650,0.15000000000000002,0.8999999999999999,3,3,3,1500,True,100,0.2
649,0.15000000000000002,0.8999999999999999,3,2,3,1500,True,100,0.2
648,0.15000000000000002,0.8999999999999999,3,2,3,1500,True,100,0.2
647,0.15000000000000002,0.8999999999999999,3,4,3,1500,True,100,0.2
606,0.15000000000000002,0.7999999999999999,3,6,3,1500,True,100,0.2
646,0.15000000000000002,0.8999999999999999,3,4,3,1500,True,100,0.2
644,0.15000000000000002,0.8999999999999999,3,3,3,1500,True,100,0.2
643,0.15000000000000002,0.8999999999999999,3,4,3,1500,True,100,0.2
642,0.15000000000000002,0.8999999999999999,3,6,3,1500,True,100,0.2
641,0.15000000000000002,0.8999999999999999,3,4,3,1500,True,100,0.2
640,0.15000000000000002,0.8499999999999999,3,4,3,1500,True,100,0.2
639,0.15000000000000002,0.8999999999999999,3,4,3,1500,True,100,0.2
638,0.15000000000000002,0.8499999999999999,3,4,3,1500,True,100,0.2
637,0.15000000000000002,0.8499999999999999,3,2,3,1500,True,100,0.2
636,0.15000000000000002,0.8499999999999999,3,6,3,1500,True,100,0.2
635,0.15000000000000002,0.8499999999999999,3,2,3,1500,True,100,0.2
634,0.15000000000000002,0.8499999999999999,3,1,3,1500,True,100,0.2
645,0.15000000000000002,0.8999999999999999,3,1,3,1500,True,100,0.2
605,0.15000000000000002,0.7999999999999999,3,5,3,1500,True,100,0.2
604,0.15000000000000002,0.7999999999999999,3,3,3,1500,True,100,0.2
603,0.15000000000000002,0.7999999999999999,3,6,3,1500,True,100,0.2
574,0.15000000000000002,0.7,3,1,3,1500,True,100,0.2
573,0.15000000000000002,0.7,3,3,3,1500,True,100,0.2
572,0.15000000000000002,0.7,3,7,3,1500,True,100,0.2
571,0.15000000000000002,0.7,3,6,3,1500,True,100,0.2
570,0.15000000000000002,0.7,3,5,3,1500,True,100,0.2
569,0.15000000000000002,0.7,3,5,3,1500,True,100,0.2
568,0.15000000000000002,0.7,3,4,3,1500,True,100,0.2
567,0.15000000000000002,0.7,3,6,3,1500,True,100,0.2
566,0.15000000000000002,0.7,3,6,3,1500,True,100,0.2
565,0.15000000000000002,0.7,3,4,3,1500,True,100,0.2
564,0.15000000000000002,0.7,3,1,3,1500,True,100,0.2
575,0.15000000000000002,0.7,3,8,3,1500,True,100,0.2
563,0.15000000000000002,0.7,3,5,3,1500,True,100,0.2
561,0.15000000000000002,0.7,3,4,3,1500,True,100,0.2
560,0.15000000000000002,0.7,3,5,3,1500,True,100,0.2
559,0.15000000000000002,0.7,3,5,3,1500,True,100,0.2
558,0.15000000000000002,0.7,3,9,3,1500,True,100,0.2
557,0.15000000000000002,0.6499999999999999,3,7,3,1500,True,100,0.2
556,0.15000000000000002,0.6,3,2,3,1500,True,100,0.2
555,0.15000000000000002,0.6499999999999999,3,6,3,1500,True,100,0.2
554,0.15000000000000002,0.6499999999999999,3,9,3,1500,True,100,0.2
553,0.15000000000000002,0.6499999999999999,3,6,3,1500,True,100,0.2
552,0.15000000000000002,0.6499999999999999,3,3,3,1500,True,100,0.2
551,0.15000000000000002,0.6499999999999999,3,5,3,1500,True,100,0.2
562,0.15000000000000002,0.6499999999999999,3,5,3,1500,True,100,0.2
1758,0.4,0.8999999999999999,3,1,3,1500,True,100,0.2
576,0.15000000000000002,0.7,3,4,3,1500,True,100,0.2
578,0.15000000000000002,0.75,3,5,3,1500,True,100,0.2
602,0.15000000000000002,0.7999999999999999,3,6,3,1500,True,100,0.2
601,0.15000000000000002,0.7999999999999999,3,3,3,1500,True,100,0.2
600,0.15000000000000002,0.75,3,3,3,1500,True,100,0.2
599,0.15000000000000002,0.75,3,4,3,1500,True,100,0.2
598,0.15000000000000002,0.7999999999999999,3,2,3,1500,True,100,0.2
597,0.15000000000000002,0.75,3,3,3,1500,True,100,0.2
596,0.15000000000000002,0.75,3,3,3,1500,True,100,0.2
595,0.15000000000000002,0.75,3,7,3,1500,True,100,0.2
594,0.15000000000000002,0.75,3,7,3,1500,True,100,0.2
593,0.15000000000000002,0.75,3,5,3,1500,True,100,0.2
592,0.15000000000000002,0.75,3,5,3,1500,True,100,0.2
577,0.15000000000000002,0.7,3,4,3,1500,True,100,0.2
591,0.15000000000000002,0.75,3,2,3,1500,True,100,0.2
589,0.15000000000000002,0.75,3,7,3,1500,True,100,0.2
588,0.15000000000000002,0.75,3,8,3,1500,True,100,0.2
587,0.15000000000000002,0.75,3,4,3,1500,True,100,0.2
586,0.15000000000000002,0.75,3,7,3,1500,True,100,0.2
585,0.15000000000000002,0.75,3,4,3,1500,True,100,0.2
584,0.15000000000000002,0.6499999999999999,3,2,3,1500,True,100,0.2
583,0.15000000000000002,0.75,3,4,3,1500,True,100,0.2
582,0.15000000000000002,0.75,3,4,3,1500,True,100,0.2
581,0.15000000000000002,0.75,3,3,3,1500,True,100,0.2
580,0.15000000000000002,0.7,3,7,3,1500,True,100,0.2
579,0.15000000000000002,0.75,3,6,3,1500,True,100,0.2
590,0.15000000000000002,0.75,3,4,3,1500,True,100,0.2
1759,0.4,0.8999999999999999,3,1,3,1500,True,100,0.2
